2026-05-27 17:08:41 | INFO     | __main__:main:122 - Starting iPhone Reseller Intelligence Platform in 'bot' mode
2026-05-27 17:08:41 | INFO     | bot.telegram_bot:start:706 - Starting Telegram bot...
2026-05-27 17:09:46 | ERROR    | bot.telegram_bot:cmd_topdeals:164 - Error in topdeals: (sqlite3.OperationalError) no such table: listings
[SQL: SELECT listings.id, listings.external_id, listings.title, listings.description, listings.model, listings.storage_gb, listings.color, listings.battery_health, listings.condition, listings.price, listings.currency, listings.original_price, listings.status, listings.listing_url, listings.images, listings.location, listings.posted_at, listings.scraped_at, listings.last_checked, listings.seller_id, listings.is_underpriced, listings.is_urgent, listings.is_repost, listings.is_suspicious, listings.profit_score, listings.risk_score, listings.resale_speed_score, listings.demand_score, listings.overall_score, listings.face_id_issue, listings.icloud_locked, listings.broken_display, listings.replaced_parts, listings.battery_replaced, listings.is_refurbished, listings.is_fake, listings.ai_analysis, listings.estimated_resale_price, listings.estimated_profit, listings.estimated_repair_cost, listings.negotiation_probability 
FROM listings 
WHERE listings.status = ? AND listings.estimated_profit > ? ORDER BY listings.estimated_profit DESC
 LIMIT ? OFFSET ?]
[parameters: ('ACTIVE', 0, 10, 0)]
(Background on this error at: https://sqlalche.me/e/20/e3q8)
2026-05-27 17:09:48 | ERROR    | bot.telegram_bot:cmd_cheapest:200 - Error in cheapest: (sqlite3.OperationalError) no such table: listings
[SQL: SELECT listings.id, listings.external_id, listings.title, listings.description, listings.model, listings.storage_gb, listings.color, listings.battery_health, listings.condition, listings.price, listings.currency, listings.original_price, listings.status, listings.listing_url, listings.images, listings.location, listings.posted_at, listings.scraped_at, listings.last_checked, listings.seller_id, listings.is_underpriced, listings.is_urgent, listings.is_repost, listings.is_suspicious, listings.profit_score, listings.risk_score, listings.resale_speed_score, listings.demand_score, listings.overall_score, listings.face_id_issue, listings.icloud_locked, listings.broken_display, listings.replaced_parts, listings.battery_replaced, listings.is_refurbished, listings.is_fake, listings.ai_analysis, listings.estimated_resale_price, listings.estimated_profit, listings.estimated_repair_cost, listings.negotiation_probability 
FROM listings 
WHERE listings.status = ? ORDER BY listings.price ASC
 LIMIT ? OFFSET ?]
[parameters: ('ACTIVE', 10, 0)]
(Background on this error at: https://sqlalche.me/e/20/e3q8)
2026-05-27 17:09:49 | ERROR    | bot.telegram_bot:cmd_market:236 - Error in market: (sqlite3.OperationalError) no such table: listings
[SQL: SELECT listings.model, listings.storage_gb, avg(listings.price) AS avg_price, min(listings.price) AS min_price, max(listings.price) AS max_price, count(listings.id) AS count 
FROM listings 
WHERE listings.status = ? GROUP BY listings.model, listings.storage_gb ORDER BY listings.model, listings.storage_gb]
[parameters: ('ACTIVE',)]
(Background on this error at: https://sqlalche.me/e/20/e3q8)
2026-05-27 17:10:37 | INFO     | __main__:main:122 - Starting iPhone Reseller Intelligence Platform in 'scheduler' mode
2026-05-27 17:10:37 | INFO     | scheduler:init:36 - Initializing scheduler...
2026-05-27 17:10:37 | INFO     | scheduler:init:40 - Database initialized
2026-05-27 17:10:37 | INFO     | scheduler:init:47 - Telegram bot initialized
2026-05-27 17:10:37 | INFO     | scheduler:init:49 - Scheduler initialized successfully
2026-05-27 17:10:37 | INFO     | scheduler:setup_jobs:167 - Scheduled jobs configured
2026-05-27 17:10:37 | INFO     | scheduler:start:174 - Scheduler started
2026-05-27 17:10:37 | INFO     | scheduler:start:177 - Running initial parser...
2026-05-27 17:10:37 | INFO     | scheduler:run_parser:53 - Starting parser job...
2026-05-27 17:10:38 | INFO     | parser.scraper:init_browser:106 - Browser initialized with stealth settings
2026-05-27 17:10:38 | INFO     | parser.scraper:scrape_listings:150 - Scraping page 1: https://999.md/ro/list/phone-and-communication/mobile-phones?o_16_1=776&o_1078_589=6309&o_1084_593=6371,6370&o_2200_795=18895
2026-05-27 17:10:57 | ERROR    | parser.scraper:fetch_page:139 - Error fetching https://999.md/ro/list/phone-and-communication/mobile-phones?o_16_1=776&o_1078_589=6309&o_1084_593=6371,6370&o_2200_795=18895: Timeout 10000ms exceeded.
2026-05-27 17:11:15 | ERROR    | parser.scraper:fetch_page:139 - Error fetching https://999.md/ro/list/phone-and-communication/mobile-phones?o_16_1=776&o_1078_589=6309&o_1084_593=6371,6370&o_2200_795=18895: Timeout 10000ms exceeded.
2026-05-27 17:11:36 | ERROR    | parser.scraper:fetch_page:139 - Error fetching https://999.md/ro/list/phone-and-communication/mobile-phones?o_16_1=776&o_1078_589=6309&o_1084_593=6371,6370&o_2200_795=18895: Timeout 10000ms exceeded.
2026-05-27 17:11:36 | ERROR    | parser.scraper:scrape_listings:163 - Error scraping page 1: RetryError[<Future at 0x1dba1311e50 state=finished raised TimeoutError>]
2026-05-27 17:11:36 | INFO     | parser.scraper:scrape_listings:150 - Scraping page 2: https://999.md/ro/list/phone-and-communication/mobile-phones?o_16_1=776&o_1078_589=6309&o_1084_593=6371,6370&o_2200_795=18895&page=2
2026-05-27 17:11:49 | INFO     | __main__:main:122 - Starting iPhone Reseller Intelligence Platform in 'scheduler' mode
2026-05-27 17:11:49 | INFO     | scheduler:init:36 - Initializing scheduler...
2026-05-27 17:11:49 | INFO     | scheduler:init:40 - Database initialized
2026-05-27 17:11:49 | INFO     | scheduler:init:47 - Telegram bot initialized
2026-05-27 17:11:49 | INFO     | scheduler:init:49 - Scheduler initialized successfully
2026-05-27 17:11:49 | INFO     | scheduler:setup_jobs:167 - Scheduled jobs configured
2026-05-27 17:11:49 | INFO     | scheduler:start:174 - Scheduler started
2026-05-27 17:11:49 | INFO     | scheduler:start:177 - Running initial parser...
2026-05-27 17:11:49 | INFO     | scheduler:run_parser:53 - Starting parser job...
2026-05-27 17:11:49 | INFO     | parser.scraper:init_browser:106 - Browser initialized with stealth settings
2026-05-27 17:11:49 | INFO     | parser.scraper:scrape_listings:157 - Scraping page 1: https://999.md/ro/list/phone-and-communication/mobile-phones?o_16_1=776&o_1078_589=6309&o_1084_593=6371,6370&o_2200_795=18895
2026-05-27 17:12:07 | WARNING  | parser.scraper:fetch_page:140 - Listings selector not found in time for https://999.md/ro/list/phone-and-communication/mobile-phones?o_16_1=776&o_1078_589=6309&o_1084_593=6371,6370&o_2200_795=18895: Timeout 10000ms exceeded.
2026-05-27 17:12:07 | ERROR    | parser.scraper:scrape_listings:170 - Error scraping page 1: Couldn't find a tree builder with the features you requested: lxml. Do you need to install a parser library?
2026-05-27 17:12:07 | INFO     | parser.scraper:scrape_listings:157 - Scraping page 2: https://999.md/ro/list/phone-and-communication/mobile-phones?o_16_1=776&o_1078_589=6309&o_1084_593=6371,6370&o_2200_795=18895&page=2
2026-05-27 17:12:24 | WARNING  | parser.scraper:fetch_page:140 - Listings selector not found in time for https://999.md/ro/list/phone-and-communication/mobile-phones?o_16_1=776&o_1078_589=6309&o_1084_593=6371,6370&o_2200_795=18895&page=2: Timeout 10000ms exceeded.
2026-05-27 17:12:24 | ERROR    | parser.scraper:scrape_listings:170 - Error scraping page 2: Couldn't find a tree builder with the features you requested: lxml. Do you need to install a parser library?
2026-05-27 17:12:24 | INFO     | parser.scraper:scrape_listings:157 - Scraping page 3: https://999.md/ro/list/phone-and-communication/mobile-phones?o_16_1=776&o_1078_589=6309&o_1084_593=6371,6370&o_2200_795=18895&page=3
2026-05-27 17:12:42 | WARNING  | parser.scraper:fetch_page:140 - Listings selector not found in time for https://999.md/ro/list/phone-and-communication/mobile-phones?o_16_1=776&o_1078_589=6309&o_1084_593=6371,6370&o_2200_795=18895&page=3: Timeout 10000ms exceeded.
2026-05-27 17:12:42 | ERROR    | parser.scraper:scrape_listings:170 - Error scraping page 3: Couldn't find a tree builder with the features you requested: lxml. Do you need to install a parser library?
2026-05-27 17:12:42 | INFO     | parser.scraper:scrape_listings:157 - Scraping page 4: https://999.md/ro/list/phone-and-communication/mobile-phones?o_16_1=776&o_1078_589=6309&o_1084_593=6371,6370&o_2200_795=18895&page=4
2026-05-27 17:12:47 | INFO     | __main__:main:122 - Starting iPhone Reseller Intelligence Platform in 'scheduler' mode
2026-05-27 17:12:47 | INFO     | scheduler:init:36 - Initializing scheduler...
2026-05-27 17:12:47 | INFO     | scheduler:init:40 - Database initialized
2026-05-27 17:12:48 | INFO     | scheduler:init:47 - Telegram bot initialized
2026-05-27 17:12:48 | INFO     | scheduler:init:49 - Scheduler initialized successfully
2026-05-27 17:12:48 | INFO     | scheduler:setup_jobs:167 - Scheduled jobs configured
2026-05-27 17:12:48 | INFO     | scheduler:start:174 - Scheduler started
2026-05-27 17:12:48 | INFO     | scheduler:start:177 - Running initial parser...
2026-05-27 17:12:48 | INFO     | scheduler:run_parser:53 - Starting parser job...
2026-05-27 17:12:48 | INFO     | parser.scraper:init_browser:106 - Browser initialized with stealth settings
2026-05-27 17:12:48 | INFO     | parser.scraper:scrape_listings:157 - Scraping page 1: https://999.md/ro/list/phone-and-communication/mobile-phones?o_16_1=776&o_1078_589=6309&o_1084_593=6371,6370&o_2200_795=18895
2026-05-27 17:12:59 | WARNING  | parser.scraper:fetch_page:140 - Listings selector not found in time for https://999.md/ro/list/phone-and-communication/mobile-phones?o_16_1=776&o_1078_589=6309&o_1084_593=6371,6370&o_2200_795=18895&page=4: Timeout 10000ms exceeded.
2026-05-27 17:12:59 | ERROR    | parser.scraper:scrape_listings:170 - Error scraping page 4: Couldn't find a tree builder with the features you requested: lxml. Do you need to install a parser library?
2026-05-27 17:12:59 | INFO     | parser.scraper:scrape_listings:157 - Scraping page 5: https://999.md/ro/list/phone-and-communication/mobile-phones?o_16_1=776&o_1078_589=6309&o_1084_593=6371,6370&o_2200_795=18895&page=5
2026-05-27 17:13:07 | WARNING  | parser.scraper:fetch_page:140 - Listings selector not found in time for https://999.md/ro/list/phone-and-communication/mobile-phones?o_16_1=776&o_1078_589=6309&o_1084_593=6371,6370&o_2200_795=18895: Timeout 10000ms exceeded.
2026-05-27 17:13:07 | INFO     | parser.scraper:scrape_listings:163 - No listings found on page 1, stopping
2026-05-27 17:13:07 | INFO     | parser.scraper:scrape_listings:173 - Total listings scraped: 0
2026-05-27 17:13:07 | WARNING  | scheduler:run_parser:63 - No listings found
2026-05-27 17:13:07 | INFO     | parser.scraper:close:119 - Browser closed
2026-05-27 17:13:07 | INFO     | scheduler:run_market_analysis:97 - Starting market analysis job...
2026-05-27 17:13:07 | INFO     | analyzer.market_analyzer:analyze_market:163 - Market analysis completed for 0 model variants
2026-05-27 17:13:07 | INFO     | scheduler:run_market_analysis:101 - Market analysis completed for 0 models
2026-05-27 17:13:07 | INFO     | scheduler:run_deal_detection:107 - Starting deal detection job...
2026-05-27 17:13:18 | WARNING  | parser.scraper:fetch_page:140 - Listings selector not found in time for https://999.md/ro/list/phone-and-communication/mobile-phones?o_16_1=776&o_1078_589=6309&o_1084_593=6371,6370&o_2200_795=18895&page=5: Timeout 10000ms exceeded.
2026-05-27 17:13:18 | ERROR    | parser.scraper:scrape_listings:170 - Error scraping page 5: Couldn't find a tree builder with the features you requested: lxml. Do you need to install a parser library?
2026-05-27 17:13:18 | INFO     | parser.scraper:scrape_listings:157 - Scraping page 6: https://999.md/ro/list/phone-and-communication/mobile-phones?o_16_1=776&o_1078_589=6309&o_1084_593=6371,6370&o_2200_795=18895&page=6
2026-05-27 17:13:34 | WARNING  | parser.scraper:fetch_page:140 - Listings selector not found in time for https://999.md/ro/list/phone-and-communication/mobile-phones?o_16_1=776&o_1078_589=6309&o_1084_593=6371,6370&o_2200_795=18895&page=6: Timeout 10000ms exceeded.
2026-05-27 17:13:34 | ERROR    | parser.scraper:scrape_listings:170 - Error scraping page 6: Couldn't find a tree builder with the features you requested: lxml. Do you need to install a parser library?
2026-05-27 17:13:34 | INFO     | parser.scraper:scrape_listings:157 - Scraping page 7: https://999.md/ro/list/phone-and-communication/mobile-phones?o_16_1=776&o_1078_589=6309&o_1084_593=6371,6370&o_2200_795=18895&page=7
2026-05-27 17:13:51 | WARNING  | parser.scraper:fetch_page:140 - Listings selector not found in time for https://999.md/ro/list/phone-and-communication/mobile-phones?o_16_1=776&o_1078_589=6309&o_1084_593=6371,6370&o_2200_795=18895&page=7: Timeout 10000ms exceeded.
2026-05-27 17:13:51 | ERROR    | parser.scraper:scrape_listings:170 - Error scraping page 7: Couldn't find a tree builder with the features you requested: lxml. Do you need to install a parser library?
2026-05-27 17:13:51 | INFO     | parser.scraper:scrape_listings:157 - Scraping page 8: https://999.md/ro/list/phone-and-communication/mobile-phones?o_16_1=776&o_1078_589=6309&o_1084_593=6371,6370&o_2200_795=18895&page=8
2026-05-27 17:14:06 | WARNING  | parser.scraper:fetch_page:140 - Listings selector not found in time for https://999.md/ro/list/phone-and-communication/mobile-phones?o_16_1=776&o_1078_589=6309&o_1084_593=6371,6370&o_2200_795=18895&page=8: Timeout 10000ms exceeded.
2026-05-27 17:14:06 | ERROR    | parser.scraper:scrape_listings:170 - Error scraping page 8: Couldn't find a tree builder with the features you requested: lxml. Do you need to install a parser library?
2026-05-27 17:14:06 | INFO     | parser.scraper:scrape_listings:157 - Scraping page 9: https://999.md/ro/list/phone-and-communication/mobile-phones?o_16_1=776&o_1078_589=6309&o_1084_593=6371,6370&o_2200_795=18895&page=9
2026-05-27 17:14:39 | ERROR    | parser.scraper:fetch_page:146 - Error fetching https://999.md/ro/list/phone-and-communication/mobile-phones?o_16_1=776&o_1078_589=6309&o_1084_593=6371,6370&o_2200_795=18895&page=9: Timeout 30000ms exceeded.
2026-05-27 17:14:59 | WARNING  | parser.scraper:fetch_page:140 - Listings selector not found in time for https://999.md/ro/list/phone-and-communication/mobile-phones?o_16_1=776&o_1078_589=6309&o_1084_593=6371,6370&o_2200_795=18895&page=9: Timeout 10000ms exceeded.
2026-05-27 17:14:59 | ERROR    | parser.scraper:scrape_listings:170 - Error scraping page 9: Couldn't find a tree builder with the features you requested: lxml. Do you need to install a parser library?
2026-05-27 17:14:59 | INFO     | parser.scraper:scrape_listings:157 - Scraping page 10: https://999.md/ro/list/phone-and-communication/mobile-phones?o_16_1=776&o_1078_589=6309&o_1084_593=6371,6370&o_2200_795=18895&page=10
2026-05-27 17:15:16 | WARNING  | parser.scraper:fetch_page:140 - Listings selector not found in time for https://999.md/ro/list/phone-and-communication/mobile-phones?o_16_1=776&o_1078_589=6309&o_1084_593=6371,6370&o_2200_795=18895&page=10: Timeout 10000ms exceeded.
2026-05-27 17:15:16 | ERROR    | parser.scraper:scrape_listings:170 - Error scraping page 10: Couldn't find a tree builder with the features you requested: lxml. Do you need to install a parser library?
2026-05-27 17:15:16 | INFO     | parser.scraper:scrape_listings:173 - Total listings scraped: 0
2026-05-27 17:15:16 | WARNING  | scheduler:run_parser:63 - No listings found
2026-05-27 17:15:16 | INFO     | parser.scraper:close:119 - Browser closed
2026-05-27 17:15:16 | INFO     | scheduler:run_market_analysis:97 - Starting market analysis job...
2026-05-27 17:15:16 | INFO     | analyzer.market_analyzer:analyze_market:163 - Market analysis completed for 0 model variants
2026-05-27 17:15:16 | INFO     | scheduler:run_market_analysis:101 - Market analysis completed for 0 models
2026-05-27 17:15:16 | INFO     | scheduler:run_deal_detection:107 - Starting deal detection job...
2026-05-27 17:16:49 | INFO     | scheduler:run_parser:53 - Starting parser job...
2026-05-27 17:16:49 | INFO     | parser.scraper:init_browser:106 - Browser initialized with stealth settings
2026-05-27 17:16:49 | INFO     | parser.scraper:scrape_listings:157 - Scraping page 1: https://999.md/ro/list/phone-and-communication/mobile-phones?o_16_1=776&o_1078_589=6309&o_1084_593=6371,6370&o_2200_795=18895
2026-05-27 17:17:09 | WARNING  | parser.scraper:fetch_page:140 - Listings selector not found in time for https://999.md/ro/list/phone-and-communication/mobile-phones?o_16_1=776&o_1078_589=6309&o_1084_593=6371,6370&o_2200_795=18895: Timeout 10000ms exceeded.
2026-05-27 17:17:09 | ERROR    | parser.scraper:scrape_listings:170 - Error scraping page 1: Couldn't find a tree builder with the features you requested: lxml. Do you need to install a parser library?
2026-05-27 17:17:09 | INFO     | parser.scraper:scrape_listings:157 - Scraping page 2: https://999.md/ro/list/phone-and-communication/mobile-phones?o_16_1=776&o_1078_589=6309&o_1084_593=6371,6370&o_2200_795=18895&page=2
2026-05-27 17:17:26 | WARNING  | parser.scraper:fetch_page:140 - Listings selector not found in time for https://999.md/ro/list/phone-and-communication/mobile-phones?o_16_1=776&o_1078_589=6309&o_1084_593=6371,6370&o_2200_795=18895&page=2: Timeout 10000ms exceeded.
2026-05-27 17:17:26 | ERROR    | parser.scraper:scrape_listings:170 - Error scraping page 2: Couldn't find a tree builder with the features you requested: lxml. Do you need to install a parser library?
2026-05-27 17:17:26 | INFO     | parser.scraper:scrape_listings:157 - Scraping page 3: https://999.md/ro/list/phone-and-communication/mobile-phones?o_16_1=776&o_1078_589=6309&o_1084_593=6371,6370&o_2200_795=18895&page=3
2026-05-27 17:17:42 | WARNING  | parser.scraper:fetch_page:140 - Listings selector not found in time for https://999.md/ro/list/phone-and-communication/mobile-phones?o_16_1=776&o_1078_589=6309&o_1084_593=6371,6370&o_2200_795=18895&page=3: Timeout 10000ms exceeded.
2026-05-27 17:17:42 | ERROR    | parser.scraper:scrape_listings:170 - Error scraping page 3: Couldn't find a tree builder with the features you requested: lxml. Do you need to install a parser library?
2026-05-27 17:17:42 | INFO     | parser.scraper:scrape_listings:157 - Scraping page 4: https://999.md/ro/list/phone-and-communication/mobile-phones?o_16_1=776&o_1078_589=6309&o_1084_593=6371,6370&o_2200_795=18895&page=4
2026-05-27 17:17:48 | INFO     | scheduler:run_parser:53 - Starting parser job...
2026-05-27 17:17:48 | INFO     | parser.scraper:init_browser:106 - Browser initialized with stealth settings
2026-05-27 17:17:48 | INFO     | parser.scraper:scrape_listings:157 - Scraping page 1: https://999.md/ro/list/phone-and-communication/mobile-phones?o_16_1=776&o_1078_589=6309&o_1084_593=6371,6370&o_2200_795=18895
2026-05-27 17:17:59 | WARNING  | parser.scraper:fetch_page:140 - Listings selector not found in time for https://999.md/ro/list/phone-and-communication/mobile-phones?o_16_1=776&o_1078_589=6309&o_1084_593=6371,6370&o_2200_795=18895&page=4: Timeout 10000ms exceeded.
2026-05-27 17:17:59 | ERROR    | parser.scraper:scrape_listings:170 - Error scraping page 4: Couldn't find a tree builder with the features you requested: lxml. Do you need to install a parser library?
2026-05-27 17:17:59 | INFO     | parser.scraper:scrape_listings:157 - Scraping page 5: https://999.md/ro/list/phone-and-communication/mobile-phones?o_16_1=776&o_1078_589=6309&o_1084_593=6371,6370&o_2200_795=18895&page=5
2026-05-27 17:18:06 | WARNING  | parser.scraper:fetch_page:140 - Listings selector not found in time for https://999.md/ro/list/phone-and-communication/mobile-phones?o_16_1=776&o_1078_589=6309&o_1084_593=6371,6370&o_2200_795=18895: Timeout 10000ms exceeded.
2026-05-27 17:18:07 | INFO     | parser.scraper:scrape_listings:163 - No listings found on page 1, stopping
2026-05-27 17:18:07 | INFO     | parser.scraper:scrape_listings:173 - Total listings scraped: 0
2026-05-27 17:18:07 | WARNING  | scheduler:run_parser:63 - No listings found
2026-05-27 17:18:07 | INFO     | parser.scraper:close:119 - Browser closed
2026-05-27 17:18:16 | WARNING  | parser.scraper:fetch_page:140 - Listings selector not found in time for https://999.md/ro/list/phone-and-communication/mobile-phones?o_16_1=776&o_1078_589=6309&o_1084_593=6371,6370&o_2200_795=18895&page=5: Timeout 10000ms exceeded.
2026-05-27 17:18:16 | ERROR    | parser.scraper:scrape_listings:170 - Error scraping page 5: Couldn't find a tree builder with the features you requested: lxml. Do you need to install a parser library?
2026-05-27 17:18:16 | INFO     | parser.scraper:scrape_listings:157 - Scraping page 6: https://999.md/ro/list/phone-and-communication/mobile-phones?o_16_1=776&o_1078_589=6309&o_1084_593=6371,6370&o_2200_795=18895&page=6
2026-05-27 17:18:31 | WARNING  | parser.scraper:fetch_page:140 - Listings selector not found in time for https://999.md/ro/list/phone-and-communication/mobile-phones?o_16_1=776&o_1078_589=6309&o_1084_593=6371,6370&o_2200_795=18895&page=6: Timeout 10000ms exceeded.
2026-05-27 17:18:31 | ERROR    | parser.scraper:scrape_listings:170 - Error scraping page 6: Couldn't find a tree builder with the features you requested: lxml. Do you need to install a parser library?
2026-05-27 17:18:31 | INFO     | parser.scraper:scrape_listings:157 - Scraping page 7: https://999.md/ro/list/phone-and-communication/mobile-phones?o_16_1=776&o_1078_589=6309&o_1084_593=6371,6370&o_2200_795=18895&page=7
2026-05-27 17:18:49 | WARNING  | parser.scraper:fetch_page:140 - Listings selector not found in time for https://999.md/ro/list/phone-and-communication/mobile-phones?o_16_1=776&o_1078_589=6309&o_1084_593=6371,6370&o_2200_795=18895&page=7: Timeout 10000ms exceeded.
2026-05-27 17:18:49 | ERROR    | parser.scraper:scrape_listings:170 - Error scraping page 7: Couldn't find a tree builder with the features you requested: lxml. Do you need to install a parser library?
2026-05-27 17:18:49 | INFO     | parser.scraper:scrape_listings:157 - Scraping page 8: https://999.md/ro/list/phone-and-communication/mobile-phones?o_16_1=776&o_1078_589=6309&o_1084_593=6371,6370&o_2200_795=18895&page=8
2026-05-27 17:19:07 | WARNING  | parser.scraper:fetch_page:140 - Listings selector not found in time for https://999.md/ro/list/phone-and-communication/mobile-phones?o_16_1=776&o_1078_589=6309&o_1084_593=6371,6370&o_2200_795=18895&page=8: Timeout 10000ms exceeded.
2026-05-27 17:19:07 | ERROR    | parser.scraper:scrape_listings:170 - Error scraping page 8: Couldn't find a tree builder with the features you requested: lxml. Do you need to install a parser library?
2026-05-27 17:19:07 | INFO     | parser.scraper:scrape_listings:157 - Scraping page 9: https://999.md/ro/list/phone-and-communication/mobile-phones?o_16_1=776&o_1078_589=6309&o_1084_593=6371,6370&o_2200_795=18895&page=9
2026-05-27 17:19:26 | WARNING  | parser.scraper:fetch_page:140 - Listings selector not found in time for https://999.md/ro/list/phone-and-communication/mobile-phones?o_16_1=776&o_1078_589=6309&o_1084_593=6371,6370&o_2200_795=18895&page=9: Timeout 10000ms exceeded.
2026-05-27 17:19:26 | ERROR    | parser.scraper:scrape_listings:170 - Error scraping page 9: Couldn't find a tree builder with the features you requested: lxml. Do you need to install a parser library?
2026-05-27 17:19:26 | INFO     | parser.scraper:scrape_listings:157 - Scraping page 10: https://999.md/ro/list/phone-and-communication/mobile-phones?o_16_1=776&o_1078_589=6309&o_1084_593=6371,6370&o_2200_795=18895&page=10
2026-05-27 17:19:39 | WARNING  | parser.scraper:fetch_page:140 - Listings selector not found in time for https://999.md/ro/list/phone-and-communication/mobile-phones?o_16_1=776&o_1078_589=6309&o_1084_593=6371,6370&o_2200_795=18895&page=10: Timeout 10000ms exceeded.
2026-05-27 17:19:40 | ERROR    | parser.scraper:scrape_listings:170 - Error scraping page 10: Couldn't find a tree builder with the features you requested: lxml. Do you need to install a parser library?
2026-05-27 17:19:40 | INFO     | parser.scraper:scrape_listings:173 - Total listings scraped: 0
2026-05-27 17:19:40 | WARNING  | scheduler:run_parser:63 - No listings found
2026-05-27 17:19:40 | INFO     | parser.scraper:close:119 - Browser closed
2026-05-27 17:21:31 | INFO     | __main__:main:122 - Starting iPhone Reseller Intelligence Platform in 'scheduler' mode
2026-05-27 17:21:31 | INFO     | scheduler:init:36 - Initializing scheduler...
2026-05-27 17:21:31 | INFO     | scheduler:init:40 - Database initialized
2026-05-27 17:21:32 | INFO     | scheduler:init:47 - Telegram bot initialized
2026-05-27 17:21:32 | INFO     | scheduler:init:49 - Scheduler initialized successfully
2026-05-27 17:21:32 | INFO     | scheduler:setup_jobs:167 - Scheduled jobs configured
2026-05-27 17:21:32 | INFO     | scheduler:start:174 - Scheduler started
2026-05-27 17:21:32 | INFO     | scheduler:start:177 - Running initial parser...
2026-05-27 17:21:32 | INFO     | scheduler:run_parser:53 - Starting parser job...
2026-05-27 17:21:33 | INFO     | parser.scraper:init_browser:108 - Browser initialized with stealth settings
2026-05-27 17:21:33 | INFO     | parser.scraper:scrape_listings:166 - Scraping page 1: https://999.md/ro/list/phone-and-communication/mobile-phones?o_16_1=776&o_1078_589=6309&o_1084_593=6371,6370&o_2200_795=18895
2026-05-27 17:21:51 | WARNING  | parser.scraper:fetch_page:142 - Listings selector not found in time for https://999.md/ro/list/phone-and-communication/mobile-phones?o_16_1=776&o_1078_589=6309&o_1084_593=6371,6370&o_2200_795=18895: Timeout 10000ms exceeded.
2026-05-27 17:21:56 | INFO     | parser.scraper:scrape_listings:172 - No listings found on page 1, stopping
2026-05-27 17:21:56 | INFO     | parser.scraper:scrape_listings:182 - Total listings scraped: 0
2026-05-27 17:21:56 | WARNING  | scheduler:run_parser:63 - No listings found
2026-05-27 17:21:57 | INFO     | parser.scraper:close:121 - Browser closed
2026-05-27 17:21:57 | INFO     | scheduler:run_market_analysis:97 - Starting market analysis job...
2026-05-27 17:21:57 | INFO     | analyzer.market_analyzer:analyze_market:163 - Market analysis completed for 0 model variants
2026-05-27 17:21:57 | INFO     | scheduler:run_market_analysis:101 - Market analysis completed for 0 models
2026-05-27 17:21:57 | INFO     | scheduler:run_deal_detection:107 - Starting deal detection job...
2026-05-27 17:26:14 | INFO     | __main__:main:122 - Starting iPhone Reseller Intelligence Platform in 'scheduler' mode
2026-05-27 17:26:14 | INFO     | scheduler:init:36 - Initializing scheduler...
2026-05-27 17:26:14 | INFO     | scheduler:init:40 - Database initialized
2026-05-27 17:26:14 | INFO     | scheduler:init:47 - Telegram bot initialized
2026-05-27 17:26:14 | INFO     | scheduler:init:49 - Scheduler initialized successfully
2026-05-27 17:26:14 | INFO     | scheduler:setup_jobs:167 - Scheduled jobs configured
2026-05-27 17:26:14 | INFO     | scheduler:start:174 - Scheduler started
2026-05-27 17:26:14 | INFO     | scheduler:start:177 - Running initial parser...
2026-05-27 17:26:14 | INFO     | scheduler:run_parser:53 - Starting parser job...
2026-05-27 17:26:15 | INFO     | parser.scraper:init_browser:108 - Browser initialized with stealth settings
2026-05-27 17:26:15 | INFO     | parser.scraper:scrape_listings:167 - Scraping page 1: https://999.md/ro/list/phone-and-communication/mobile-phones?o_16_1=776&o_1078_589=6309&o_1084_593=6371,6370&o_2200_795=18895
2026-05-27 17:26:55 | WARNING  | parser.scraper:fetch_page:142 - Listings selector not found in time for https://999.md/ro/list/phone-and-communication/mobile-phones?o_16_1=776&o_1078_589=6309&o_1084_593=6371,6370&o_2200_795=18895: Timeout 30000ms exceeded.
2026-05-27 17:27:09 | INFO     | parser.scraper:scrape_listings:173 - No listings found on page 1, stopping
2026-05-27 17:27:09 | INFO     | parser.scraper:scrape_listings:183 - Total listings scraped: 0
2026-05-27 17:27:09 | WARNING  | scheduler:run_parser:63 - No listings found
2026-05-27 17:27:09 | INFO     | parser.scraper:close:121 - Browser closed
2026-05-27 17:27:09 | INFO     | scheduler:run_market_analysis:97 - Starting market analysis job...
2026-05-27 17:27:09 | INFO     | analyzer.market_analyzer:analyze_market:163 - Market analysis completed for 0 model variants
2026-05-27 17:27:09 | INFO     | scheduler:run_market_analysis:101 - Market analysis completed for 0 models
2026-05-27 17:27:09 | INFO     | scheduler:run_deal_detection:107 - Starting deal detection job...
2026-05-27 17:31:14 | INFO     | scheduler:run_parser:53 - Starting parser job...
2026-05-27 17:31:15 | INFO     | parser.scraper:init_browser:108 - Browser initialized with stealth settings
2026-05-27 17:31:15 | INFO     | parser.scraper:scrape_listings:167 - Scraping page 1: https://999.md/ro/list/phone-and-communication/mobile-phones?o_16_1=776&o_1078_589=6309&o_1084_593=6371,6370&o_2200_795=18895
2026-05-27 17:31:33 | INFO     | __main__:main:122 - Starting iPhone Reseller Intelligence Platform in 'scheduler' mode
2026-05-27 17:31:33 | INFO     | scheduler:init:36 - Initializing scheduler...
2026-05-27 17:31:33 | INFO     | scheduler:init:40 - Database initialized
2026-05-27 17:31:33 | INFO     | scheduler:init:47 - Telegram bot initialized
2026-05-27 17:31:33 | INFO     | scheduler:init:49 - Scheduler initialized successfully
2026-05-27 17:31:33 | INFO     | scheduler:setup_jobs:167 - Scheduled jobs configured
2026-05-27 17:31:33 | INFO     | scheduler:start:174 - Scheduler started
2026-05-27 17:31:33 | INFO     | scheduler:start:177 - Running initial parser...
2026-05-27 17:31:33 | INFO     | scheduler:run_parser:53 - Starting parser job...
2026-05-27 17:31:34 | INFO     | parser.scraper:init_browser:108 - Browser initialized with stealth settings
2026-05-27 17:31:34 | INFO     | parser.scraper:scrape_listings:189 - Scraping page 1: https://999.md/ro/list/phone-and-communication/mobile-phones?o_16_1=776&o_1078_589=6309&o_1084_593=6371,6370&o_2200_795=18895
2026-05-27 17:32:14 | WARNING  | parser.scraper:fetch_page:146 - Listings selector not found in time for https://999.md/ro/list/phone-and-communication/mobile-phones?o_16_1=776&o_1078_589=6309&o_1084_593=6371,6370&o_2200_795=18895: Timeout 30000ms exceeded.
2026-05-27 17:32:29 | INFO     | parser.scraper:_parse_listings_fallback:296 - Fallback parser extracted 98 listings
2026-05-27 17:32:29 | INFO     | parser.scraper:scrape_listings:199 - Found 98 listings on page 1
2026-05-27 17:32:29 | INFO     | parser.scraper:scrape_listings:189 - Scraping page 2: https://999.md/ro/list/phone-and-communication/mobile-phones?o_16_1=776&o_1078_589=6309&o_1084_593=6371,6370&o_2200_795=18895&page=2
2026-05-27 17:33:06 | WARNING  | parser.scraper:fetch_page:146 - Listings selector not found in time for https://999.md/ro/list/phone-and-communication/mobile-phones?o_16_1=776&o_1078_589=6309&o_1084_593=6371,6370&o_2200_795=18895&page=2: Timeout 30000ms exceeded.
2026-05-27 17:33:21 | INFO     | parser.scraper:_parse_listings_fallback:296 - Fallback parser extracted 94 listings
2026-05-27 17:33:21 | INFO     | parser.scraper:scrape_listings:199 - Found 94 listings on page 2
2026-05-27 17:33:21 | INFO     | parser.scraper:scrape_listings:189 - Scraping page 3: https://999.md/ro/list/phone-and-communication/mobile-phones?o_16_1=776&o_1078_589=6309&o_1084_593=6371,6370&o_2200_795=18895&page=3
2026-05-27 17:33:58 | WARNING  | parser.scraper:fetch_page:146 - Listings selector not found in time for https://999.md/ro/list/phone-and-communication/mobile-phones?o_16_1=776&o_1078_589=6309&o_1084_593=6371,6370&o_2200_795=18895&page=3: Timeout 30000ms exceeded.
2026-05-27 17:34:13 | INFO     | parser.scraper:_parse_listings_fallback:296 - Fallback parser extracted 95 listings
2026-05-27 17:34:13 | INFO     | parser.scraper:scrape_listings:199 - Found 95 listings on page 3
2026-05-27 17:34:13 | INFO     | parser.scraper:scrape_listings:189 - Scraping page 4: https://999.md/ro/list/phone-and-communication/mobile-phones?o_16_1=776&o_1078_589=6309&o_1084_593=6371,6370&o_2200_795=18895&page=4
2026-05-27 17:34:50 | WARNING  | parser.scraper:fetch_page:146 - Listings selector not found in time for https://999.md/ro/list/phone-and-communication/mobile-phones?o_16_1=776&o_1078_589=6309&o_1084_593=6371,6370&o_2200_795=18895&page=4: Timeout 30000ms exceeded.
2026-05-27 17:35:04 | INFO     | parser.scraper:_parse_listings_fallback:296 - Fallback parser extracted 97 listings
2026-05-27 17:35:04 | INFO     | parser.scraper:scrape_listings:199 - Found 97 listings on page 4
2026-05-27 17:35:04 | INFO     | parser.scraper:scrape_listings:189 - Scraping page 5: https://999.md/ro/list/phone-and-communication/mobile-phones?o_16_1=776&o_1078_589=6309&o_1084_593=6371,6370&o_2200_795=18895&page=5
2026-05-27 17:35:43 | WARNING  | parser.scraper:fetch_page:146 - Listings selector not found in time for https://999.md/ro/list/phone-and-communication/mobile-phones?o_16_1=776&o_1078_589=6309&o_1084_593=6371,6370&o_2200_795=18895&page=5: Timeout 30000ms exceeded.
2026-05-27 17:35:57 | INFO     | parser.scraper:_parse_listings_fallback:296 - Fallback parser extracted 94 listings
2026-05-27 17:35:57 | INFO     | parser.scraper:scrape_listings:199 - Found 94 listings on page 5
2026-05-27 17:35:57 | INFO     | parser.scraper:scrape_listings:189 - Scraping page 6: https://999.md/ro/list/phone-and-communication/mobile-phones?o_16_1=776&o_1078_589=6309&o_1084_593=6371,6370&o_2200_795=18895&page=6
2026-05-27 17:36:33 | INFO     | scheduler:run_parser:53 - Starting parser job...
2026-05-27 17:36:34 | INFO     | parser.scraper:init_browser:108 - Browser initialized with stealth settings
2026-05-27 17:36:34 | INFO     | parser.scraper:scrape_listings:189 - Scraping page 1: https://999.md/ro/list/phone-and-communication/mobile-phones?o_16_1=776&o_1078_589=6309&o_1084_593=6371,6370&o_2200_795=18895
2026-05-27 17:36:34 | WARNING  | parser.scraper:fetch_page:146 - Listings selector not found in time for https://999.md/ro/list/phone-and-communication/mobile-phones?o_16_1=776&o_1078_589=6309&o_1084_593=6371,6370&o_2200_795=18895&page=6: Timeout 30000ms exceeded.
2026-05-27 17:36:48 | INFO     | parser.scraper:_parse_listings_fallback:296 - Fallback parser extracted 88 listings
2026-05-27 17:36:48 | INFO     | parser.scraper:scrape_listings:199 - Found 88 listings on page 6
2026-05-27 17:36:48 | INFO     | parser.scraper:scrape_listings:189 - Scraping page 7: https://999.md/ro/list/phone-and-communication/mobile-phones?o_16_1=776&o_1078_589=6309&o_1084_593=6371,6370&o_2200_795=18895&page=7
2026-05-27 17:37:15 | WARNING  | parser.scraper:fetch_page:146 - Listings selector not found in time for https://999.md/ro/list/phone-and-communication/mobile-phones?o_16_1=776&o_1078_589=6309&o_1084_593=6371,6370&o_2200_795=18895: Timeout 30000ms exceeded.
2026-05-27 17:37:25 | WARNING  | parser.scraper:fetch_page:146 - Listings selector not found in time for https://999.md/ro/list/phone-and-communication/mobile-phones?o_16_1=776&o_1078_589=6309&o_1084_593=6371,6370&o_2200_795=18895&page=7: Timeout 30000ms exceeded.
2026-05-27 17:37:29 | INFO     | parser.scraper:_parse_listings_fallback:296 - Fallback parser extracted 97 listings
2026-05-27 17:37:29 | INFO     | parser.scraper:scrape_listings:199 - Found 97 listings on page 1
2026-05-27 17:37:29 | INFO     | parser.scraper:scrape_listings:189 - Scraping page 2: https://999.md/ro/list/phone-and-communication/mobile-phones?o_16_1=776&o_1078_589=6309&o_1084_593=6371,6370&o_2200_795=18895&page=2
2026-05-27 17:37:39 | INFO     | parser.scraper:_parse_listings_fallback:296 - Fallback parser extracted 103 listings
2026-05-27 17:37:39 | INFO     | parser.scraper:scrape_listings:199 - Found 103 listings on page 7
2026-05-27 17:37:39 | INFO     | parser.scraper:scrape_listings:189 - Scraping page 8: https://999.md/ro/list/phone-and-communication/mobile-phones?o_16_1=776&o_1078_589=6309&o_1084_593=6371,6370&o_2200_795=18895&page=8
2026-05-27 17:37:43 | INFO     | __main__:main:122 - Starting iPhone Reseller Intelligence Platform in 'scheduler' mode
2026-05-27 17:37:43 | INFO     | scheduler:init:36 - Initializing scheduler...
2026-05-27 17:37:43 | INFO     | scheduler:init:40 - Database initialized
2026-05-27 17:37:43 | INFO     | scheduler:init:47 - Telegram bot initialized
2026-05-27 17:37:43 | INFO     | scheduler:init:49 - Scheduler initialized successfully
2026-05-27 17:37:43 | INFO     | scheduler:setup_jobs:172 - Scheduled jobs configured
2026-05-27 17:37:43 | INFO     | scheduler:start:179 - Scheduler started
2026-05-27 17:37:43 | INFO     | scheduler:start:182 - Running initial parser...
2026-05-27 17:37:43 | INFO     | scheduler:run_parser:53 - Starting parser job...
2026-05-27 17:37:44 | INFO     | parser.scraper:init_browser:106 - Browser initialized with stealth settings
2026-05-27 17:37:44 | INFO     | parser.scraper:scrape_listings:187 - Scraping page 1: https://999.md/ro/list/phone-and-communication/mobile-phones?o_16_1=776&o_1078_589=6309&o_1084_593=6371,6370&o_2200_795=18895
2026-05-27 17:37:55 | WARNING  | parser.scraper:fetch_page:144 - Listings selector not found in time for https://999.md/ro/list/phone-and-communication/mobile-phones?o_16_1=776&o_1078_589=6309&o_1084_593=6371,6370&o_2200_795=18895: Timeout 6000ms exceeded.
2026-05-27 17:38:00 | INFO     | parser.scraper:_parse_listings_fallback:294 - Fallback parser extracted 101 listings
2026-05-27 17:38:00 | INFO     | parser.scraper:scrape_listings:197 - Found 101 listings on page 1
2026-05-27 17:38:00 | INFO     | parser.scraper:scrape_listings:187 - Scraping page 2: https://999.md/ro/list/phone-and-communication/mobile-phones?o_16_1=776&o_1078_589=6309&o_1084_593=6371,6370&o_2200_795=18895&page=2
2026-05-27 17:38:09 | WARNING  | parser.scraper:fetch_page:144 - Listings selector not found in time for https://999.md/ro/list/phone-and-communication/mobile-phones?o_16_1=776&o_1078_589=6309&o_1084_593=6371,6370&o_2200_795=18895&page=2: Timeout 6000ms exceeded.
2026-05-27 17:38:13 | INFO     | parser.scraper:_parse_listings_fallback:294 - Fallback parser extracted 100 listings
2026-05-27 17:38:13 | INFO     | parser.scraper:scrape_listings:197 - Found 100 listings on page 2
2026-05-27 17:38:13 | INFO     | parser.scraper:scrape_listings:187 - Scraping page 3: https://999.md/ro/list/phone-and-communication/mobile-phones?o_16_1=776&o_1078_589=6309&o_1084_593=6371,6370&o_2200_795=18895&page=3
2026-05-27 17:38:23 | WARNING  | parser.scraper:fetch_page:144 - Listings selector not found in time for https://999.md/ro/list/phone-and-communication/mobile-phones?o_16_1=776&o_1078_589=6309&o_1084_593=6371,6370&o_2200_795=18895&page=3: Timeout 6000ms exceeded.
2026-05-27 17:38:27 | INFO     | parser.scraper:_parse_listings_fallback:294 - Fallback parser extracted 97 listings
2026-05-27 17:38:27 | INFO     | parser.scraper:scrape_listings:197 - Found 97 listings on page 3
2026-05-27 17:38:27 | INFO     | parser.scraper:scrape_listings:187 - Scraping page 4: https://999.md/ro/list/phone-and-communication/mobile-phones?o_16_1=776&o_1078_589=6309&o_1084_593=6371,6370&o_2200_795=18895&page=4
2026-05-27 17:38:37 | WARNING  | parser.scraper:fetch_page:144 - Listings selector not found in time for https://999.md/ro/list/phone-and-communication/mobile-phones?o_16_1=776&o_1078_589=6309&o_1084_593=6371,6370&o_2200_795=18895&page=4: Timeout 6000ms exceeded.
2026-05-27 17:38:41 | INFO     | parser.scraper:_parse_listings_fallback:294 - Fallback parser extracted 96 listings
2026-05-27 17:38:41 | INFO     | parser.scraper:scrape_listings:197 - Found 96 listings on page 4
2026-05-27 17:38:41 | INFO     | parser.scraper:scrape_listings:187 - Scraping page 5: https://999.md/ro/list/phone-and-communication/mobile-phones?o_16_1=776&o_1078_589=6309&o_1084_593=6371,6370&o_2200_795=18895&page=5
2026-05-27 17:38:53 | WARNING  | parser.scraper:fetch_page:144 - Listings selector not found in time for https://999.md/ro/list/phone-and-communication/mobile-phones?o_16_1=776&o_1078_589=6309&o_1084_593=6371,6370&o_2200_795=18895&page=5: Timeout 6000ms exceeded.
2026-05-27 17:38:56 | INFO     | parser.scraper:_parse_listings_fallback:294 - Fallback parser extracted 98 listings
2026-05-27 17:38:56 | INFO     | parser.scraper:scrape_listings:197 - Found 98 listings on page 5
2026-05-27 17:38:56 | INFO     | parser.scraper:scrape_listings:187 - Scraping page 6: https://999.md/ro/list/phone-and-communication/mobile-phones?o_16_1=776&o_1078_589=6309&o_1084_593=6371,6370&o_2200_795=18895&page=6
2026-05-27 17:39:07 | WARNING  | parser.scraper:fetch_page:144 - Listings selector not found in time for https://999.md/ro/list/phone-and-communication/mobile-phones?o_16_1=776&o_1078_589=6309&o_1084_593=6371,6370&o_2200_795=18895&page=6: Timeout 6000ms exceeded.
2026-05-27 17:39:11 | INFO     | parser.scraper:_parse_listings_fallback:294 - Fallback parser extracted 95 listings
2026-05-27 17:39:11 | INFO     | parser.scraper:scrape_listings:197 - Found 95 listings on page 6
2026-05-27 17:39:11 | INFO     | parser.scraper:scrape_listings:187 - Scraping page 7: https://999.md/ro/list/phone-and-communication/mobile-phones?o_16_1=776&o_1078_589=6309&o_1084_593=6371,6370&o_2200_795=18895&page=7
2026-05-27 17:39:23 | WARNING  | parser.scraper:fetch_page:144 - Listings selector not found in time for https://999.md/ro/list/phone-and-communication/mobile-phones?o_16_1=776&o_1078_589=6309&o_1084_593=6371,6370&o_2200_795=18895&page=7: Timeout 6000ms exceeded.
2026-05-27 17:39:27 | INFO     | parser.scraper:_parse_listings_fallback:294 - Fallback parser extracted 95 listings
2026-05-27 17:39:27 | INFO     | parser.scraper:scrape_listings:197 - Found 95 listings on page 7
2026-05-27 17:39:27 | INFO     | parser.scraper:scrape_listings:187 - Scraping page 8: https://999.md/ro/list/phone-and-communication/mobile-phones?o_16_1=776&o_1078_589=6309&o_1084_593=6371,6370&o_2200_795=18895&page=8
2026-05-27 17:39:36 | WARNING  | parser.scraper:fetch_page:144 - Listings selector not found in time for https://999.md/ro/list/phone-and-communication/mobile-phones?o_16_1=776&o_1078_589=6309&o_1084_593=6371,6370&o_2200_795=18895&page=8: Timeout 6000ms exceeded.
2026-05-27 17:39:40 | INFO     | parser.scraper:_parse_listings_fallback:294 - Fallback parser extracted 100 listings
2026-05-27 17:39:40 | INFO     | parser.scraper:scrape_listings:197 - Found 100 listings on page 8
2026-05-27 17:39:40 | INFO     | parser.scraper:scrape_listings:187 - Scraping page 9: https://999.md/ro/list/phone-and-communication/mobile-phones?o_16_1=776&o_1078_589=6309&o_1084_593=6371,6370&o_2200_795=18895&page=9
2026-05-27 17:39:51 | WARNING  | parser.scraper:fetch_page:144 - Listings selector not found in time for https://999.md/ro/list/phone-and-communication/mobile-phones?o_16_1=776&o_1078_589=6309&o_1084_593=6371,6370&o_2200_795=18895&page=9: Timeout 6000ms exceeded.
2026-05-27 17:39:54 | INFO     | __main__:main:122 - Starting iPhone Reseller Intelligence Platform in 'scheduler' mode
2026-05-27 17:39:54 | INFO     | scheduler:init:36 - Initializing scheduler...
2026-05-27 17:39:54 | INFO     | scheduler:init:40 - Database initialized
2026-05-27 17:39:54 | INFO     | scheduler:init:47 - Telegram bot initialized
2026-05-27 17:39:54 | INFO     | scheduler:init:49 - Scheduler initialized successfully
2026-05-27 17:39:54 | INFO     | scheduler:setup_jobs:195 - Scheduled jobs configured
2026-05-27 17:39:54 | INFO     | scheduler:start:202 - Scheduler started
2026-05-27 17:39:54 | INFO     | scheduler:start:205 - Running initial parser...
2026-05-27 17:39:54 | INFO     | scheduler:run_parser:53 - Starting parser job...
2026-05-27 17:39:54 | INFO     | scheduler:run_parser:69 - Bootstrap mode: scraping up to 10 pages for initial market snapshot
2026-05-27 17:39:55 | INFO     | parser.scraper:init_browser:106 - Browser initialized with stealth settings
2026-05-27 17:39:55 | INFO     | parser.scraper:scrape_listings:187 - Scraping page 1: https://999.md/ro/list/phone-and-communication/mobile-phones?o_16_1=776&o_1078_589=6309&o_1084_593=6371,6370&o_2200_795=18895
2026-05-27 17:40:05 | WARNING  | parser.scraper:fetch_page:144 - Listings selector not found in time for https://999.md/ro/list/phone-and-communication/mobile-phones?o_16_1=776&o_1078_589=6309&o_1084_593=6371,6370&o_2200_795=18895: Timeout 6000ms exceeded.
2026-05-27 17:40:10 | INFO     | parser.scraper:_parse_listings_fallback:294 - Fallback parser extracted 96 listings
2026-05-27 17:40:10 | INFO     | parser.scraper:scrape_listings:197 - Found 96 listings on page 1
2026-05-27 17:40:10 | INFO     | parser.scraper:scrape_listings:187 - Scraping page 2: https://999.md/ro/list/phone-and-communication/mobile-phones?o_16_1=776&o_1078_589=6309&o_1084_593=6371,6370&o_2200_795=18895&page=2
2026-05-27 17:40:21 | WARNING  | parser.scraper:fetch_page:144 - Listings selector not found in time for https://999.md/ro/list/phone-and-communication/mobile-phones?o_16_1=776&o_1078_589=6309&o_1084_593=6371,6370&o_2200_795=18895&page=2: Timeout 6000ms exceeded.
2026-05-27 17:40:25 | INFO     | parser.scraper:_parse_listings_fallback:294 - Fallback parser extracted 96 listings
2026-05-27 17:40:25 | INFO     | parser.scraper:scrape_listings:197 - Found 96 listings on page 2
2026-05-27 17:40:25 | INFO     | parser.scraper:scrape_listings:187 - Scraping page 3: https://999.md/ro/list/phone-and-communication/mobile-phones?o_16_1=776&o_1078_589=6309&o_1084_593=6371,6370&o_2200_795=18895&page=3
2026-05-27 17:40:35 | WARNING  | parser.scraper:fetch_page:144 - Listings selector not found in time for https://999.md/ro/list/phone-and-communication/mobile-phones?o_16_1=776&o_1078_589=6309&o_1084_593=6371,6370&o_2200_795=18895&page=3: Timeout 6000ms exceeded.
2026-05-27 17:40:39 | INFO     | parser.scraper:_parse_listings_fallback:294 - Fallback parser extracted 98 listings
2026-05-27 17:40:39 | INFO     | parser.scraper:scrape_listings:197 - Found 98 listings on page 3
2026-05-27 17:40:39 | INFO     | parser.scraper:scrape_listings:187 - Scraping page 4: https://999.md/ro/list/phone-and-communication/mobile-phones?o_16_1=776&o_1078_589=6309&o_1084_593=6371,6370&o_2200_795=18895&page=4
2026-05-27 17:40:51 | WARNING  | parser.scraper:fetch_page:144 - Listings selector not found in time for https://999.md/ro/list/phone-and-communication/mobile-phones?o_16_1=776&o_1078_589=6309&o_1084_593=6371,6370&o_2200_795=18895&page=4: Timeout 6000ms exceeded.
2026-05-27 17:40:55 | INFO     | parser.scraper:_parse_listings_fallback:294 - Fallback parser extracted 100 listings
2026-05-27 17:40:55 | INFO     | parser.scraper:scrape_listings:197 - Found 100 listings on page 4
2026-05-27 17:40:55 | INFO     | parser.scraper:scrape_listings:187 - Scraping page 5: https://999.md/ro/list/phone-and-communication/mobile-phones?o_16_1=776&o_1078_589=6309&o_1084_593=6371,6370&o_2200_795=18895&page=5
2026-05-27 17:41:05 | WARNING  | parser.scraper:fetch_page:144 - Listings selector not found in time for https://999.md/ro/list/phone-and-communication/mobile-phones?o_16_1=776&o_1078_589=6309&o_1084_593=6371,6370&o_2200_795=18895&page=5: Timeout 6000ms exceeded.
2026-05-27 17:41:09 | INFO     | parser.scraper:_parse_listings_fallback:294 - Fallback parser extracted 97 listings
2026-05-27 17:41:09 | INFO     | parser.scraper:scrape_listings:197 - Found 97 listings on page 5
2026-05-27 17:41:09 | INFO     | parser.scraper:scrape_listings:187 - Scraping page 6: https://999.md/ro/list/phone-and-communication/mobile-phones?o_16_1=776&o_1078_589=6309&o_1084_593=6371,6370&o_2200_795=18895&page=6
2026-05-27 17:41:18 | WARNING  | parser.scraper:fetch_page:144 - Listings selector not found in time for https://999.md/ro/list/phone-and-communication/mobile-phones?o_16_1=776&o_1078_589=6309&o_1084_593=6371,6370&o_2200_795=18895&page=6: Timeout 6000ms exceeded.
2026-05-27 17:41:21 | INFO     | parser.scraper:_parse_listings_fallback:294 - Fallback parser extracted 97 listings
2026-05-27 17:41:21 | INFO     | parser.scraper:scrape_listings:197 - Found 97 listings on page 6
2026-05-27 17:41:21 | INFO     | parser.scraper:scrape_listings:187 - Scraping page 7: https://999.md/ro/list/phone-and-communication/mobile-phones?o_16_1=776&o_1078_589=6309&o_1084_593=6371,6370&o_2200_795=18895&page=7
2026-05-27 17:41:33 | WARNING  | parser.scraper:fetch_page:144 - Listings selector not found in time for https://999.md/ro/list/phone-and-communication/mobile-phones?o_16_1=776&o_1078_589=6309&o_1084_593=6371,6370&o_2200_795=18895&page=7: Timeout 6000ms exceeded.
2026-05-27 17:41:37 | INFO     | parser.scraper:_parse_listings_fallback:294 - Fallback parser extracted 100 listings
2026-05-27 17:41:37 | INFO     | parser.scraper:scrape_listings:197 - Found 100 listings on page 7
2026-05-27 17:41:37 | INFO     | parser.scraper:scrape_listings:187 - Scraping page 8: https://999.md/ro/list/phone-and-communication/mobile-phones?o_16_1=776&o_1078_589=6309&o_1084_593=6371,6370&o_2200_795=18895&page=8
2026-05-27 17:41:47 | WARNING  | parser.scraper:fetch_page:144 - Listings selector not found in time for https://999.md/ro/list/phone-and-communication/mobile-phones?o_16_1=776&o_1078_589=6309&o_1084_593=6371,6370&o_2200_795=18895&page=8: Timeout 6000ms exceeded.
2026-05-27 17:41:51 | INFO     | parser.scraper:_parse_listings_fallback:294 - Fallback parser extracted 100 listings
2026-05-27 17:41:51 | INFO     | parser.scraper:scrape_listings:197 - Found 100 listings on page 8
2026-05-27 17:41:51 | INFO     | parser.scraper:scrape_listings:187 - Scraping page 9: https://999.md/ro/list/phone-and-communication/mobile-phones?o_16_1=776&o_1078_589=6309&o_1084_593=6371,6370&o_2200_795=18895&page=9
2026-05-27 17:42:01 | WARNING  | parser.scraper:fetch_page:144 - Listings selector not found in time for https://999.md/ro/list/phone-and-communication/mobile-phones?o_16_1=776&o_1078_589=6309&o_1084_593=6371,6370&o_2200_795=18895&page=9: Timeout 6000ms exceeded.
2026-05-27 17:42:04 | INFO     | parser.scraper:_parse_listings_fallback:294 - Fallback parser extracted 93 listings
2026-05-27 17:42:04 | INFO     | parser.scraper:scrape_listings:197 - Found 93 listings on page 9
2026-05-27 17:42:04 | INFO     | parser.scraper:scrape_listings:187 - Scraping page 10: https://999.md/ro/list/phone-and-communication/mobile-phones?o_16_1=776&o_1078_589=6309&o_1084_593=6371,6370&o_2200_795=18895&page=10
2026-05-27 17:42:14 | WARNING  | parser.scraper:fetch_page:144 - Listings selector not found in time for https://999.md/ro/list/phone-and-communication/mobile-phones?o_16_1=776&o_1078_589=6309&o_1084_593=6371,6370&o_2200_795=18895&page=10: Timeout 6000ms exceeded.
2026-05-27 17:42:18 | INFO     | parser.scraper:_parse_listings_fallback:294 - Fallback parser extracted 96 listings
2026-05-27 17:42:18 | INFO     | parser.scraper:scrape_listings:197 - Found 96 listings on page 10
2026-05-27 17:42:18 | INFO     | parser.scraper:scrape_listings:203 - Total listings scraped: 973
2026-05-27 17:42:18 | ERROR    | parser.scraper:scrape_listing_details:473 - Error scraping details for https://999.md/ro/84480804?clickToken=eyJhbGciOiJIUzI1NiIsInR5cCI6IkpXVCJ9.eyJleHAiOjE3Nzk4OTY0MDEsIkMiOnsiciI6MSwiYiI6NjAsImMiOjM4LCJ6Ijo0MCwiYSI6Ijg0NDgwODA0IiwiaSI6Ijk1LjY1LjU4LjExMiIsInMiOiJkZXNrdG9wX3JlZGVzaWduIiwicCI6ImFkc19saXN0X2hlYWRlciIsIngiOiJwcmVtaXVtIiwibCI6ImU1Y2FlODlhLWIzNWQtNDIyNi1iMmZiLTZjNWExOWQ3Y2UyYSIsImUiOiI5NS42NS41OC4xMTIiLCJ0IjoiMjAyNi0wNS0yN1QxNDo0MDowMS4wNDI4NjE3NDlaIn19.90je9efX3wYBuG8TYn3Rs0ZUha5MG5FlMMm1LLFrEYM&placement=ADS_LIST_HEADER_REDESIGN&adType=booster&location=subcategory&index=9&cardCategoryId=38&cardSubcategoryId=40: net::ERR_ABORTED at https://999.md/ro/84480804?clickToken=eyJhbGciOiJIUzI1NiIsInR5cCI6IkpXVCJ9.eyJleHAiOjE3Nzk4OTY0MDEsIkMiOnsiciI6MSwiYiI6NjAsImMiOjM4LCJ6Ijo0MCwiYSI6Ijg0NDgwODA0IiwiaSI6Ijk1LjY1LjU4LjExMiIsInMiOiJkZXNrdG9wX3JlZGVzaWduIiwicCI6ImFkc19saXN0X2hlYWRlciIsIngiOiJwcmVtaXVtIiwibCI6ImU1Y2FlODlhLWIzNWQtNDIyNi1iMmZiLTZjNWExOWQ3Y2UyYSIsImUiOiI5NS42NS41OC4xMTIiLCJ0IjoiMjAyNi0wNS0yN1QxNDo0MDowMS4wNDI4NjE3NDlaIn19.90je9efX3wYBuG8TYn3Rs0ZUha5MG5FlMMm1LLFrEYM&placement=ADS_LIST_HEADER_REDESIGN&adType=booster&location=subcategory&index=9&cardCategoryId=38&cardSubcategoryId=40
2026-05-27 17:42:18 | ERROR    | parser.scraper:scrape_listing_details:473 - Error scraping details for https://999.md/ro/81016775?clickToken=eyJhbGciOiJIUzI1NiIsInR5cCI6IkpXVCJ9.eyJleHAiOjE3Nzk4OTY0MDEsIkMiOnsiciI6MSwiYiI6NjAsImMiOjM4LCJ6Ijo0MCwiYSI6IjgxMDE2Nzc1IiwiaSI6Ijk1LjY1LjU4LjExMiIsInMiOiJkZXNrdG9wX3JlZGVzaWduIiwicCI6ImFkc19saXN0X2hlYWRlciIsIngiOiJwcmVtaXVtIiwibCI6ImU1Y2FlODlhLWIzNWQtNDIyNi1iMmZiLTZjNWExOWQ3Y2UyYSIsImUiOiI5NS42NS41OC4xMTIiLCJ0IjoiMjAyNi0wNS0yN1QxNDo0MDowMS4wNDIzMzk0NzVaIn19.jX_k0YBm3C0QbvXbckglHwVFSnou_btV0NV9SOyKNPc&placement=ADS_LIST_HEADER_REDESIGN&adType=booster&location=subcategory&index=1&cardCategoryId=38&cardSubcategoryId=40: net::ERR_ABORTED at https://999.md/ro/81016775?clickToken=eyJhbGciOiJIUzI1NiIsInR5cCI6IkpXVCJ9.eyJleHAiOjE3Nzk4OTY0MDEsIkMiOnsiciI6MSwiYiI6NjAsImMiOjM4LCJ6Ijo0MCwiYSI6IjgxMDE2Nzc1IiwiaSI6Ijk1LjY1LjU4LjExMiIsInMiOiJkZXNrdG9wX3JlZGVzaWduIiwicCI6ImFkc19saXN0X2hlYWRlciIsIngiOiJwcmVtaXVtIiwibCI6ImU1Y2FlODlhLWIzNWQtNDIyNi1iMmZiLTZjNWExOWQ3Y2UyYSIsImUiOiI5NS42NS41OC4xMTIiLCJ0IjoiMjAyNi0wNS0yN1QxNDo0MDowMS4wNDIzMzk0NzVaIn19.jX_k0YBm3C0QbvXbckglHwVFSnou_btV0NV9SOyKNPc&placement=ADS_LIST_HEADER_REDESIGN&adType=booster&location=subcategory&index=1&cardCategoryId=38&cardSubcategoryId=40
2026-05-27 17:42:18 | ERROR    | parser.scraper:scrape_listing_details:473 - Error scraping details for https://999.md/ro/80507464?clickToken=eyJhbGciOiJIUzI1NiIsInR5cCI6IkpXVCJ9.eyJleHAiOjE3Nzk4OTY0MDEsIkMiOnsiciI6MSwiYiI6NjAsImMiOjM4LCJ6Ijo0MCwiYSI6IjgwNTA3NDY0IiwiaSI6Ijk1LjY1LjU4LjExMiIsInMiOiJkZXNrdG9wX3JlZGVzaWduIiwicCI6ImFkc19saXN0X2hlYWRlciIsIngiOiJwcmVtaXVtIiwibCI6ImU1Y2FlODlhLWIzNWQtNDIyNi1iMmZiLTZjNWExOWQ3Y2UyYSIsImUiOiI5NS42NS41OC4xMTIiLCJ0IjoiMjAyNi0wNS0yN1QxNDo0MDowMS4wNDI5MDAzODRaIn19.miF2etdqNJFu6szDiaPRFllhl77AzH9b71OMITtWDYs&placement=ADS_LIST_HEADER_REDESIGN&adType=booster&location=subcategory&index=10&cardCategoryId=38&cardSubcategoryId=40: net::ERR_ABORTED at https://999.md/ro/80507464?clickToken=eyJhbGciOiJIUzI1NiIsInR5cCI6IkpXVCJ9.eyJleHAiOjE3Nzk4OTY0MDEsIkMiOnsiciI6MSwiYiI6NjAsImMiOjM4LCJ6Ijo0MCwiYSI6IjgwNTA3NDY0IiwiaSI6Ijk1LjY1LjU4LjExMiIsInMiOiJkZXNrdG9wX3JlZGVzaWduIiwicCI6ImFkc19saXN0X2hlYWRlciIsIngiOiJwcmVtaXVtIiwibCI6ImU1Y2FlODlhLWIzNWQtNDIyNi1iMmZiLTZjNWExOWQ3Y2UyYSIsImUiOiI5NS42NS41OC4xMTIiLCJ0IjoiMjAyNi0wNS0yN1QxNDo0MDowMS4wNDI5MDAzODRaIn19.miF2etdqNJFu6szDiaPRFllhl77AzH9b71OMITtWDYs&placement=ADS_LIST_HEADER_REDESIGN&adType=booster&location=subcategory&index=10&cardCategoryId=38&cardSubcategoryId=40
2026-05-27 17:42:18 | ERROR    | parser.scraper:scrape_listing_details:473 - Error scraping details for https://999.md/ro/81025172?clickToken=eyJhbGciOiJIUzI1NiIsInR5cCI6IkpXVCJ9.eyJleHAiOjE3Nzk4OTY0MDEsIkMiOnsiciI6MSwiYiI6NjAsImMiOjM4LCJ6Ijo0MCwiYSI6IjgxMDI1MTcyIiwiaSI6Ijk1LjY1LjU4LjExMiIsInMiOiJkZXNrdG9wX3JlZGVzaWduIiwicCI6ImFkc19saXN0X2hlYWRlciIsIngiOiJwcmVtaXVtIiwibCI6ImU1Y2FlODlhLWIzNWQtNDIyNi1iMmZiLTZjNWExOWQ3Y2UyYSIsImUiOiI5NS42NS41OC4xMTIiLCJ0IjoiMjAyNi0wNS0yN1QxNDo0MDowMS4wNDIzODQ2OThaIn19.cyO6GnWC5NVkwtW49Mv4GsEXAEzdI_hg9FayxXf7mf0&placement=ADS_LIST_HEADER_REDESIGN&adType=booster&location=subcategory&index=2&cardCategoryId=38&cardSubcategoryId=40: net::ERR_ABORTED at https://999.md/ro/81025172?clickToken=eyJhbGciOiJIUzI1NiIsInR5cCI6IkpXVCJ9.eyJleHAiOjE3Nzk4OTY0MDEsIkMiOnsiciI6MSwiYiI6NjAsImMiOjM4LCJ6Ijo0MCwiYSI6IjgxMDI1MTcyIiwiaSI6Ijk1LjY1LjU4LjExMiIsInMiOiJkZXNrdG9wX3JlZGVzaWduIiwicCI6ImFkc19saXN0X2hlYWRlciIsIngiOiJwcmVtaXVtIiwibCI6ImU1Y2FlODlhLWIzNWQtNDIyNi1iMmZiLTZjNWExOWQ3Y2UyYSIsImUiOiI5NS42NS41OC4xMTIiLCJ0IjoiMjAyNi0wNS0yN1QxNDo0MDowMS4wNDIzODQ2OThaIn19.cyO6GnWC5NVkwtW49Mv4GsEXAEzdI_hg9FayxXf7mf0&placement=ADS_LIST_HEADER_REDESIGN&adType=booster&location=subcategory&index=2&cardCategoryId=38&cardSubcategoryId=40
2026-05-27 17:42:18 | ERROR    | parser.scraper:scrape_listing_details:473 - Error scraping details for https://999.md/ro/84479334?clickToken=eyJhbGciOiJIUzI1NiIsInR5cCI6IkpXVCJ9.eyJleHAiOjE3Nzk4OTY0MDEsIkMiOnsiciI6MSwiYiI6NjAsImMiOjM4LCJ6Ijo0MCwiYSI6Ijg0NDc5MzM0IiwiaSI6Ijk1LjY1LjU4LjExMiIsInMiOiJkZXNrdG9wX3JlZGVzaWduIiwicCI6ImFkc19saXN0X2hlYWRlciIsIngiOiJwcmVtaXVtIiwibCI6ImU1Y2FlODlhLWIzNWQtNDIyNi1iMmZiLTZjNWExOWQ3Y2UyYSIsImUiOiI5NS42NS41OC4xMTIiLCJ0IjoiMjAyNi0wNS0yN1QxNDo0MDowMS4wNDI5ODAxNjdaIn19.ocLlscHVSThNkgZ8Ey4j3t8bzTrho4slRKX_NoKtsVI&placement=ADS_LIST_HEADER_REDESIGN&adType=booster&location=subcategory&index=12&cardCategoryId=38&cardSubcategoryId=40: net::ERR_ABORTED at https://999.md/ro/84479334?clickToken=eyJhbGciOiJIUzI1NiIsInR5cCI6IkpXVCJ9.eyJleHAiOjE3Nzk4OTY0MDEsIkMiOnsiciI6MSwiYiI6NjAsImMiOjM4LCJ6Ijo0MCwiYSI6Ijg0NDc5MzM0IiwiaSI6Ijk1LjY1LjU4LjExMiIsInMiOiJkZXNrdG9wX3JlZGVzaWduIiwicCI6ImFkc19saXN0X2hlYWRlciIsIngiOiJwcmVtaXVtIiwibCI6ImU1Y2FlODlhLWIzNWQtNDIyNi1iMmZiLTZjNWExOWQ3Y2UyYSIsImUiOiI5NS42NS41OC4xMTIiLCJ0IjoiMjAyNi0wNS0yN1QxNDo0MDowMS4wNDI5ODAxNjdaIn19.ocLlscHVSThNkgZ8Ey4j3t8bzTrho4slRKX_NoKtsVI&placement=ADS_LIST_HEADER_REDESIGN&adType=booster&location=subcategory&index=12&cardCategoryId=38&cardSubcategoryId=40
2026-05-27 17:42:18 | ERROR    | parser.scraper:scrape_listing_details:473 - Error scraping details for https://999.md/ro/102733907?clickToken=eyJhbGciOiJIUzI1NiIsInR5cCI6IkpXVCJ9.eyJleHAiOjE3Nzk4OTY0MDEsIkMiOnsiciI6MSwiYiI6NjAsImMiOjM4LCJ6Ijo0MCwiYSI6IjEwMjczMzkwNyIsImkiOiI5NS42NS41OC4xMTIiLCJzIjoiZGVza3RvcF9yZWRlc2lnbiIsInAiOiJhZHNfbGlzdF9oZWFkZXIiLCJ4IjoicHJlbWl1bSIsImwiOiJlNWNhZTg5YS1iMzVkLTQyMjYtYjJmYi02YzVhMTlkN2NlMmEiLCJlIjoiOTUuNjUuNTguMTEyIiwidCI6IjIwMjYtMDUtMjdUMTQ6NDA6MDEuMDQyNzQ1MTk3WiJ9fQ.fDucCG7TAL5lY7ShO9Jg8IMv0iJ5p9B2u5KGMJx7GO0&placement=ADS_LIST_HEADER_REDESIGN&adType=booster&location=subcategory&index=8&cardCategoryId=38&cardSubcategoryId=40: net::ERR_ABORTED at https://999.md/ro/102733907?clickToken=eyJhbGciOiJIUzI1NiIsInR5cCI6IkpXVCJ9.eyJleHAiOjE3Nzk4OTY0MDEsIkMiOnsiciI6MSwiYiI6NjAsImMiOjM4LCJ6Ijo0MCwiYSI6IjEwMjczMzkwNyIsImkiOiI5NS42NS41OC4xMTIiLCJzIjoiZGVza3RvcF9yZWRlc2lnbiIsInAiOiJhZHNfbGlzdF9oZWFkZXIiLCJ4IjoicHJlbWl1bSIsImwiOiJlNWNhZTg5YS1iMzVkLTQyMjYtYjJmYi02YzVhMTlkN2NlMmEiLCJlIjoiOTUuNjUuNTguMTEyIiwidCI6IjIwMjYtMDUtMjdUMTQ6NDA6MDEuMDQyNzQ1MTk3WiJ9fQ.fDucCG7TAL5lY7ShO9Jg8IMv0iJ5p9B2u5KGMJx7GO0&placement=ADS_LIST_HEADER_REDESIGN&adType=booster&location=subcategory&index=8&cardCategoryId=38&cardSubcategoryId=40
2026-05-27 17:42:18 | ERROR    | parser.scraper:scrape_listing_details:473 - Error scraping details for https://999.md/ro/88621470?clickToken=eyJhbGciOiJIUzI1NiIsInR5cCI6IkpXVCJ9.eyJleHAiOjE3Nzk4OTY0MDEsIkMiOnsiciI6MSwiYiI6NjAsImMiOjM4LCJ6Ijo0MCwiYSI6Ijg4NjIxNDcwIiwiaSI6Ijk1LjY1LjU4LjExMiIsInMiOiJkZXNrdG9wX3JlZGVzaWduIiwicCI6ImFkc19saXN0X2hlYWRlciIsIngiOiJwcmVtaXVtIiwibCI6ImU1Y2FlODlhLWIzNWQtNDIyNi1iMmZiLTZjNWExOWQ3Y2UyYSIsImUiOiI5NS42NS41OC4xMTIiLCJ0IjoiMjAyNi0wNS0yN1QxNDo0MDowMS4wNDI0NTI3NDNaIn19.K0zNT3DV8eViB2cBdF9RNT66T03V4QyON9vEL4TDiiY&placement=ADS_LIST_HEADER_REDESIGN&adType=booster&location=subcategory&index=4&cardCategoryId=38&cardSubcategoryId=40: net::ERR_ABORTED at https://999.md/ro/88621470?clickToken=eyJhbGciOiJIUzI1NiIsInR5cCI6IkpXVCJ9.eyJleHAiOjE3Nzk4OTY0MDEsIkMiOnsiciI6MSwiYiI6NjAsImMiOjM4LCJ6Ijo0MCwiYSI6Ijg4NjIxNDcwIiwiaSI6Ijk1LjY1LjU4LjExMiIsInMiOiJkZXNrdG9wX3JlZGVzaWduIiwicCI6ImFkc19saXN0X2hlYWRlciIsIngiOiJwcmVtaXVtIiwibCI6ImU1Y2FlODlhLWIzNWQtNDIyNi1iMmZiLTZjNWExOWQ3Y2UyYSIsImUiOiI5NS42NS41OC4xMTIiLCJ0IjoiMjAyNi0wNS0yN1QxNDo0MDowMS4wNDI0NTI3NDNaIn19.K0zNT3DV8eViB2cBdF9RNT66T03V4QyON9vEL4TDiiY&placement=ADS_LIST_HEADER_REDESIGN&adType=booster&location=subcategory&index=4&cardCategoryId=38&cardSubcategoryId=40
2026-05-27 17:42:19 | ERROR    | parser.scraper:scrape_listing_details:473 - Error scraping details for https://999.md/ro/104457664?location=subcategory&index=2&cardCategoryId=38&cardSubcategoryId=40: net::ERR_ABORTED at https://999.md/ro/104457664?location=subcategory&index=2&cardCategoryId=38&cardSubcategoryId=40
2026-05-27 17:42:19 | ERROR    | parser.scraper:scrape_listing_details:473 - Error scraping details for https://999.md/ro/104459195?location=subcategory&index=5&cardCategoryId=38&cardSubcategoryId=40: net::ERR_ABORTED at https://999.md/ro/104459195?location=subcategory&index=5&cardCategoryId=38&cardSubcategoryId=40
2026-05-27 17:42:20 | ERROR    | parser.scraper:scrape_listing_details:473 - Error scraping details for https://999.md/ro/104469810?location=subcategory&index=7&cardCategoryId=38&cardSubcategoryId=40: net::ERR_ABORTED at https://999.md/ro/104469810?location=subcategory&index=7&cardCategoryId=38&cardSubcategoryId=40
2026-05-27 17:42:25 | ERROR    | parser.scraper:scrape_listing_details:473 - Error scraping details for https://999.md/ro/104469880?location=subcategory&index=1&cardCategoryId=38&cardSubcategoryId=40: 'NoneType' object has no attribute 'status'
2026-05-27 17:42:25 | ERROR    | parser.scraper:scrape_listing_details:473 - Error scraping details for https://999.md/ro/104469698?location=subcategory&index=13&cardCategoryId=38&cardSubcategoryId=40: net::ERR_ABORTED at https://999.md/ro/104469698?location=subcategory&index=13&cardCategoryId=38&cardSubcategoryId=40
2026-05-27 17:42:25 | ERROR    | parser.scraper:scrape_listing_details:473 - Error scraping details for https://999.md/ro/29443237?location=subcategory&index=9&cardCategoryId=38&cardSubcategoryId=40: net::ERR_ABORTED at https://999.md/ro/29443237?location=subcategory&index=9&cardCategoryId=38&cardSubcategoryId=40
2026-05-27 17:42:26 | ERROR    | parser.scraper:scrape_listing_details:473 - Error scraping details for https://999.md/ro/77969405?clickToken=eyJhbGciOiJIUzI1NiIsInR5cCI6IkpXVCJ9.eyJleHAiOjE3Nzk4OTY0MDEsIkMiOnsiciI6MSwiYiI6NjAsImMiOjM4LCJ6Ijo0MCwiYSI6Ijc3OTY5NDA1IiwiaSI6Ijk1LjY1LjU4LjExMiIsInMiOiJkZXNrdG9wX3JlZGVzaWduIiwicCI6ImFkc19saXN0X2lubGluZSIsIngiOiJwcmVtaXVtIiwibCI6ImU1Y2FlODlhLWIzNWQtNDIyNi1iMmZiLTZjNWExOWQ3Y2UyYSIsImUiOiI5NS42NS41OC4xMTIiLCJ0IjoiMjAyNi0wNS0yN1QxNDo0MDowMS4wNDc3MzE1MDlaIn19.RFwekPiBfCnCaJsNC1YoTsASTYn_jIA5KOHlCCGp2AU&placement=ADS_LIST_INLINE_REDESIGN&adType=booster&location=subcategory&index=10&cardCategoryId=38&cardSubcategoryId=40: net::ERR_ABORTED at https://999.md/ro/77969405?clickToken=eyJhbGciOiJIUzI1NiIsInR5cCI6IkpXVCJ9.eyJleHAiOjE3Nzk4OTY0MDEsIkMiOnsiciI6MSwiYiI6NjAsImMiOjM4LCJ6Ijo0MCwiYSI6Ijc3OTY5NDA1IiwiaSI6Ijk1LjY1LjU4LjExMiIsInMiOiJkZXNrdG9wX3JlZGVzaWduIiwicCI6ImFkc19saXN0X2lubGluZSIsIngiOiJwcmVtaXVtIiwibCI6ImU1Y2FlODlhLWIzNWQtNDIyNi1iMmZiLTZjNWExOWQ3Y2UyYSIsImUiOiI5NS42NS41OC4xMTIiLCJ0IjoiMjAyNi0wNS0yN1QxNDo0MDowMS4wNDc3MzE1MDlaIn19.RFwekPiBfCnCaJsNC1YoTsASTYn_jIA5KOHlCCGp2AU&placement=ADS_LIST_INLINE_REDESIGN&adType=booster&location=subcategory&index=10&cardCategoryId=38&cardSubcategoryId=40
2026-05-27 17:42:31 | INFO     | parser.processor:process_listings:58 - Processed 973 listings: 973 new, 0 updated, 0 errors
2026-05-27 17:42:31 | INFO     | scheduler:run_parser:115 - Parser completed: 973 new, 0 updated, 0 marked deleted, 0 errors
2026-05-27 17:42:32 | INFO     | parser.scraper:close:119 - Browser closed
2026-05-27 17:42:32 | INFO     | scheduler:run_market_analysis:125 - Starting market analysis job...
2026-05-27 17:42:32 | INFO     | analyzer.market_analyzer:analyze_market:163 - Market analysis completed for 86 model variants
2026-05-27 17:42:32 | INFO     | scheduler:run_market_analysis:129 - Market analysis completed for 86 models
2026-05-27 17:42:32 | INFO     | scheduler:run_deal_detection:135 - Starting deal detection job...
2026-05-27 17:42:32 | ERROR    | scheduler:run_deal_detection:164 - Error in deal detection: 'profit'
2026-05-27 17:44:54 | INFO     | scheduler:run_parser:53 - Starting parser job...
2026-05-27 17:44:54 | INFO     | scheduler:run_parser:64 - Incremental mode: scraping first 2 pages (sorted by newest)
2026-05-27 17:44:55 | INFO     | parser.scraper:init_browser:106 - Browser initialized with stealth settings
2026-05-27 17:44:55 | INFO     | parser.scraper:scrape_listings:187 - Scraping page 1: https://999.md/ro/list/phone-and-communication/mobile-phones?o_16_1=776&o_1078_589=6309&o_1084_593=6371,6370&o_2200_795=18895
2026-05-27 17:45:06 | WARNING  | parser.scraper:fetch_page:144 - Listings selector not found in time for https://999.md/ro/list/phone-and-communication/mobile-phones?o_16_1=776&o_1078_589=6309&o_1084_593=6371,6370&o_2200_795=18895: Timeout 6000ms exceeded.
2026-05-27 17:45:10 | INFO     | parser.scraper:_parse_listings_fallback:294 - Fallback parser extracted 95 listings
2026-05-27 17:45:10 | INFO     | parser.scraper:scrape_listings:197 - Found 95 listings on page 1
2026-05-27 17:45:10 | INFO     | parser.scraper:scrape_listings:187 - Scraping page 2: https://999.md/ro/list/phone-and-communication/mobile-phones?o_16_1=776&o_1078_589=6309&o_1084_593=6371,6370&o_2200_795=18895&page=2
2026-05-27 17:45:19 | WARNING  | parser.scraper:fetch_page:144 - Listings selector not found in time for https://999.md/ro/list/phone-and-communication/mobile-phones?o_16_1=776&o_1078_589=6309&o_1084_593=6371,6370&o_2200_795=18895&page=2: Timeout 6000ms exceeded.
2026-05-27 17:45:23 | INFO     | parser.scraper:_parse_listings_fallback:294 - Fallback parser extracted 100 listings
2026-05-27 17:45:23 | INFO     | parser.scraper:scrape_listings:197 - Found 100 listings on page 2
2026-05-27 17:45:23 | INFO     | parser.scraper:scrape_listings:203 - Total listings scraped: 195
2026-05-27 17:45:24 | ERROR    | parser.scraper:scrape_listing_details:473 - Error scraping details for https://999.md/ro/81026652?clickToken=eyJhbGciOiJIUzI1NiIsInR5cCI6IkpXVCJ9.eyJleHAiOjE3Nzk4OTY3MDEsIkMiOnsiciI6MSwiYiI6NjAsImMiOjM4LCJ6Ijo0MCwiYSI6IjgxMDI2NjUyIiwiaSI6Ijk1LjY1LjU4LjExMiIsInMiOiJkZXNrdG9wX3JlZGVzaWduIiwicCI6ImFkc19saXN0X2hlYWRlciIsIngiOiJwcmVtaXVtIiwibCI6ImU1Y2FlODlhLWIzNWQtNDIyNi1iMmZiLTZjNWExOWQ3Y2UyYSIsImUiOiI5NS42NS41OC4xMTIiLCJ0IjoiMjAyNi0wNS0yN1QxNDo0NTowMS40MTUyODY3NDVaIn19.odoF8pcOYF5uJXLsHoWKodmXhFtUNzteBBPZFWtekLc&placement=ADS_LIST_HEADER_REDESIGN&adType=booster&location=subcategory&index=1&cardCategoryId=38&cardSubcategoryId=40: net::ERR_ABORTED at https://999.md/ro/81026652?clickToken=eyJhbGciOiJIUzI1NiIsInR5cCI6IkpXVCJ9.eyJleHAiOjE3Nzk4OTY3MDEsIkMiOnsiciI6MSwiYiI6NjAsImMiOjM4LCJ6Ijo0MCwiYSI6IjgxMDI2NjUyIiwiaSI6Ijk1LjY1LjU4LjExMiIsInMiOiJkZXNrdG9wX3JlZGVzaWduIiwicCI6ImFkc19saXN0X2hlYWRlciIsIngiOiJwcmVtaXVtIiwibCI6ImU1Y2FlODlhLWIzNWQtNDIyNi1iMmZiLTZjNWExOWQ3Y2UyYSIsImUiOiI5NS42NS41OC4xMTIiLCJ0IjoiMjAyNi0wNS0yN1QxNDo0NTowMS40MTUyODY3NDVaIn19.odoF8pcOYF5uJXLsHoWKodmXhFtUNzteBBPZFWtekLc&placement=ADS_LIST_HEADER_REDESIGN&adType=booster&location=subcategory&index=1&cardCategoryId=38&cardSubcategoryId=40
2026-05-27 17:45:24 | ERROR    | parser.scraper:scrape_listing_details:473 - Error scraping details for https://999.md/ro/77969155?clickToken=eyJhbGciOiJIUzI1NiIsInR5cCI6IkpXVCJ9.eyJleHAiOjE3Nzk4OTY3MDEsIkMiOnsiciI6MSwiYiI6NjAsImMiOjM4LCJ6Ijo0MCwiYSI6Ijc3OTY5MTU1IiwiaSI6Ijk1LjY1LjU4LjExMiIsInMiOiJkZXNrdG9wX3JlZGVzaWduIiwicCI6ImFkc19saXN0X2hlYWRlciIsIngiOiJwcmVtaXVtIiwibCI6ImU1Y2FlODlhLWIzNWQtNDIyNi1iMmZiLTZjNWExOWQ3Y2UyYSIsImUiOiI5NS42NS41OC4xMTIiLCJ0IjoiMjAyNi0wNS0yN1QxNDo0NTowMS40MTU1MDcwMTFaIn19.8jRdfj-ZvAIXoLQxWYS7B5EJBZq97GPwdeIogpJ2p9A&placement=ADS_LIST_HEADER_REDESIGN&adType=booster&location=subcategory&index=5&cardCategoryId=38&cardSubcategoryId=40: net::ERR_ABORTED at https://999.md/ro/77969155?clickToken=eyJhbGciOiJIUzI1NiIsInR5cCI6IkpXVCJ9.eyJleHAiOjE3Nzk4OTY3MDEsIkMiOnsiciI6MSwiYiI6NjAsImMiOjM4LCJ6Ijo0MCwiYSI6Ijc3OTY5MTU1IiwiaSI6Ijk1LjY1LjU4LjExMiIsInMiOiJkZXNrdG9wX3JlZGVzaWduIiwicCI6ImFkc19saXN0X2hlYWRlciIsIngiOiJwcmVtaXVtIiwibCI6ImU1Y2FlODlhLWIzNWQtNDIyNi1iMmZiLTZjNWExOWQ3Y2UyYSIsImUiOiI5NS42NS41OC4xMTIiLCJ0IjoiMjAyNi0wNS0yN1QxNDo0NTowMS40MTU1MDcwMTFaIn19.8jRdfj-ZvAIXoLQxWYS7B5EJBZq97GPwdeIogpJ2p9A&placement=ADS_LIST_HEADER_REDESIGN&adType=booster&location=subcategory&index=5&cardCategoryId=38&cardSubcategoryId=40
2026-05-27 17:45:24 | ERROR    | parser.scraper:scrape_listing_details:473 - Error scraping details for https://999.md/ro/81026551?clickToken=eyJhbGciOiJIUzI1NiIsInR5cCI6IkpXVCJ9.eyJleHAiOjE3Nzk4OTY3MDEsIkMiOnsiciI6MSwiYiI6NjAsImMiOjM4LCJ6Ijo0MCwiYSI6IjgxMDI2NTUxIiwiaSI6Ijk1LjY1LjU4LjExMiIsInMiOiJkZXNrdG9wX3JlZGVzaWduIiwicCI6ImFkc19saXN0X2hlYWRlciIsIngiOiJwcmVtaXVtIiwibCI6ImU1Y2FlODlhLWIzNWQtNDIyNi1iMmZiLTZjNWExOWQ3Y2UyYSIsImUiOiI5NS42NS41OC4xMTIiLCJ0IjoiMjAyNi0wNS0yN1QxNDo0NTowMS40MTU3ODYyODNaIn19.yIKDGSO0rFerSqxVCx4TwitdWS08LJxsEKmtb3iVbU4&placement=ADS_LIST_HEADER_REDESIGN&adType=booster&location=subcategory&index=9&cardCategoryId=38&cardSubcategoryId=40: net::ERR_ABORTED at https://999.md/ro/81026551?clickToken=eyJhbGciOiJIUzI1NiIsInR5cCI6IkpXVCJ9.eyJleHAiOjE3Nzk4OTY3MDEsIkMiOnsiciI6MSwiYiI6NjAsImMiOjM4LCJ6Ijo0MCwiYSI6IjgxMDI2NTUxIiwiaSI6Ijk1LjY1LjU4LjExMiIsInMiOiJkZXNrdG9wX3JlZGVzaWduIiwicCI6ImFkc19saXN0X2hlYWRlciIsIngiOiJwcmVtaXVtIiwibCI6ImU1Y2FlODlhLWIzNWQtNDIyNi1iMmZiLTZjNWExOWQ3Y2UyYSIsImUiOiI5NS42NS41OC4xMTIiLCJ0IjoiMjAyNi0wNS0yN1QxNDo0NTowMS40MTU3ODYyODNaIn19.yIKDGSO0rFerSqxVCx4TwitdWS08LJxsEKmtb3iVbU4&placement=ADS_LIST_HEADER_REDESIGN&adType=booster&location=subcategory&index=9&cardCategoryId=38&cardSubcategoryId=40
2026-05-27 17:45:24 | ERROR    | parser.scraper:scrape_listing_details:473 - Error scraping details for https://999.md/ro/104469923?location=subcategory&index=1&cardCategoryId=38&cardSubcategoryId=40: net::ERR_ABORTED at https://999.md/ro/104469923?location=subcategory&index=1&cardCategoryId=38&cardSubcategoryId=40
2026-05-27 17:45:24 | ERROR    | parser.scraper:scrape_listing_details:473 - Error scraping details for https://999.md/ro/84484837?clickToken=eyJhbGciOiJIUzI1NiIsInR5cCI6IkpXVCJ9.eyJleHAiOjE3Nzk4OTY3MDEsIkMiOnsiciI6MSwiYiI6NjAsImMiOjM4LCJ6Ijo0MCwiYSI6Ijg0NDg0ODM3IiwiaSI6Ijk1LjY1LjU4LjExMiIsInMiOiJkZXNrdG9wX3JlZGVzaWduIiwicCI6ImFkc19saXN0X2hlYWRlciIsIngiOiJwcmVtaXVtIiwibCI6ImU1Y2FlODlhLWIzNWQtNDIyNi1iMmZiLTZjNWExOWQ3Y2UyYSIsImUiOiI5NS42NS41OC4xMTIiLCJ0IjoiMjAyNi0wNS0yN1QxNDo0NTowMS40MTU5MDUxOTJaIn19.j4NlRN4FEaJy7FyYNBx6xcZ6N61cRU5Qdg2SvJhKGFI&placement=ADS_LIST_HEADER_REDESIGN&adType=booster&location=subcategory&index=11&cardCategoryId=38&cardSubcategoryId=40: net::ERR_ABORTED at https://999.md/ro/84484837?clickToken=eyJhbGciOiJIUzI1NiIsInR5cCI6IkpXVCJ9.eyJleHAiOjE3Nzk4OTY3MDEsIkMiOnsiciI6MSwiYiI6NjAsImMiOjM4LCJ6Ijo0MCwiYSI6Ijg0NDg0ODM3IiwiaSI6Ijk1LjY1LjU4LjExMiIsInMiOiJkZXNrdG9wX3JlZGVzaWduIiwicCI6ImFkc19saXN0X2hlYWRlciIsIngiOiJwcmVtaXVtIiwibCI6ImU1Y2FlODlhLWIzNWQtNDIyNi1iMmZiLTZjNWExOWQ3Y2UyYSIsImUiOiI5NS42NS41OC4xMTIiLCJ0IjoiMjAyNi0wNS0yN1QxNDo0NTowMS40MTU5MDUxOTJaIn19.j4NlRN4FEaJy7FyYNBx6xcZ6N61cRU5Qdg2SvJhKGFI&placement=ADS_LIST_HEADER_REDESIGN&adType=booster&location=subcategory&index=11&cardCategoryId=38&cardSubcategoryId=40
2026-05-27 17:45:24 | ERROR    | parser.scraper:scrape_listing_details:473 - Error scraping details for https://999.md/ro/104457501?clickToken=eyJhbGciOiJIUzI1NiIsInR5cCI6IkpXVCJ9.eyJleHAiOjE3Nzk4OTY3MDEsIkMiOnsiciI6MSwiYiI6NjAsImMiOjM4LCJ6Ijo0MCwiYSI6IjEwNDQ1NzUwMSIsImkiOiI5NS42NS41OC4xMTIiLCJzIjoiZGVza3RvcF9yZWRlc2lnbiIsInAiOiJhZHNfbGlzdF9oZWFkZXIiLCJ4IjoiIiwibCI6IjA2Y2I5MzdmLTMzMmItNGIwMS1hOTYwLWFlNjU5MWVkN2YxYyIsImUiOiI5NS42NS41OC4xMTIiLCJ0IjoiMjAyNi0wNS0yN1QxNDo0NTowMS40MTU2MDM5NDRaIn19.v8tRPPp9cg9U3Sj7yMrYXev372WNyeuQdI6T2cTSNYE&placement=ADS_LIST_HEADER_REDESIGN&adType=booster&location=subcategory&index=6&cardCategoryId=38&cardSubcategoryId=40: net::ERR_ABORTED at https://999.md/ro/104457501?clickToken=eyJhbGciOiJIUzI1NiIsInR5cCI6IkpXVCJ9.eyJleHAiOjE3Nzk4OTY3MDEsIkMiOnsiciI6MSwiYiI6NjAsImMiOjM4LCJ6Ijo0MCwiYSI6IjEwNDQ1NzUwMSIsImkiOiI5NS42NS41OC4xMTIiLCJzIjoiZGVza3RvcF9yZWRlc2lnbiIsInAiOiJhZHNfbGlzdF9oZWFkZXIiLCJ4IjoiIiwibCI6IjA2Y2I5MzdmLTMzMmItNGIwMS1hOTYwLWFlNjU5MWVkN2YxYyIsImUiOiI5NS42NS41OC4xMTIiLCJ0IjoiMjAyNi0wNS0yN1QxNDo0NTowMS40MTU2MDM5NDRaIn19.v8tRPPp9cg9U3Sj7yMrYXev372WNyeuQdI6T2cTSNYE&placement=ADS_LIST_HEADER_REDESIGN&adType=booster&location=subcategory&index=6&cardCategoryId=38&cardSubcategoryId=40
2026-05-27 17:45:25 | ERROR    | parser.scraper:scrape_listing_details:473 - Error scraping details for https://999.md/ro/104469836?location=subcategory&index=4&cardCategoryId=38&cardSubcategoryId=40: net::ERR_ABORTED at https://999.md/ro/104469836?location=subcategory&index=4&cardCategoryId=38&cardSubcategoryId=40
2026-05-27 17:45:25 | ERROR    | parser.scraper:scrape_listing_details:473 - Error scraping details for https://999.md/ro/104469835?location=subcategory&index=5&cardCategoryId=38&cardSubcategoryId=40: net::ERR_ABORTED at https://999.md/ro/104469835?location=subcategory&index=5&cardCategoryId=38&cardSubcategoryId=40
2026-05-27 17:45:30 | ERROR    | parser.scraper:scrape_listing_details:473 - Error scraping details for https://999.md/ro/104469880?location=subcategory&index=2&cardCategoryId=38&cardSubcategoryId=40: 'NoneType' object has no attribute 'status'
2026-05-27 17:45:30 | ERROR    | parser.scraper:scrape_listing_details:473 - Error scraping details for https://999.md/ro/104469789?location=subcategory&index=9&cardCategoryId=38&cardSubcategoryId=40: net::ERR_ABORTED at https://999.md/ro/104469789?location=subcategory&index=9&cardCategoryId=38&cardSubcategoryId=40
2026-05-27 17:45:30 | ERROR    | parser.scraper:scrape_listing_details:473 - Error scraping details for https://999.md/ro/29443237?location=subcategory&index=11&cardCategoryId=38&cardSubcategoryId=40: net::ERR_ABORTED at https://999.md/ro/29443237?location=subcategory&index=11&cardCategoryId=38&cardSubcategoryId=40
2026-05-27 17:45:31 | ERROR    | parser.scraper:scrape_listing_details:473 - Error scraping details for https://999.md/ro/104469685?location=subcategory&index=15&cardCategoryId=38&cardSubcategoryId=40: net::ERR_ABORTED at https://999.md/ro/104469685?location=subcategory&index=15&cardCategoryId=38&cardSubcategoryId=40
2026-05-27 17:45:34 | ERROR    | parser.scraper:scrape_listing_details:473 - Error scraping details for https://999.md/ro/104457616?location=subcategory&index=12&cardCategoryId=38&cardSubcategoryId=40: 'NoneType' object has no attribute 'status'
2026-05-27 17:45:34 | ERROR    | parser.scraper:scrape_listing_details:473 - Error scraping details for https://999.md/ro/104469706?location=subcategory&index=13&cardCategoryId=38&cardSubcategoryId=40: 'NoneType' object has no attribute 'status'
2026-05-27 17:45:35 | INFO     | parser.processor:process_listings:58 - Processed 195 listings: 195 new, 0 updated, 0 errors
2026-05-27 17:45:35 | INFO     | scheduler:run_parser:115 - Parser completed: 195 new, 0 updated, 0 marked deleted, 0 errors
2026-05-27 17:45:35 | INFO     | parser.scraper:close:119 - Browser closed
2026-05-27 17:49:54 | INFO     | scheduler:run_deal_detection:135 - Starting deal detection job...
2026-05-27 17:49:54 | INFO     | scheduler:run_parser:53 - Starting parser job...
2026-05-27 17:49:54 | INFO     | scheduler:run_parser:64 - Incremental mode: scraping first 2 pages (sorted by newest)
2026-05-27 17:49:54 | ERROR    | scheduler:run_deal_detection:164 - Error in deal detection: 'profit'
2026-05-27 17:49:55 | INFO     | parser.scraper:init_browser:106 - Browser initialized with stealth settings
2026-05-27 17:49:55 | INFO     | parser.scraper:scrape_listings:187 - Scraping page 1: https://999.md/ro/list/phone-and-communication/mobile-phones?o_16_1=776&o_1078_589=6309&o_1084_593=6371,6370&o_2200_795=18895
2026-05-27 17:50:05 | WARNING  | parser.scraper:fetch_page:144 - Listings selector not found in time for https://999.md/ro/list/phone-and-communication/mobile-phones?o_16_1=776&o_1078_589=6309&o_1084_593=6371,6370&o_2200_795=18895: Timeout 6000ms exceeded.
2026-05-27 17:50:09 | INFO     | parser.scraper:_parse_listings_fallback:294 - Fallback parser extracted 99 listings
2026-05-27 17:50:09 | INFO     | parser.scraper:scrape_listings:197 - Found 99 listings on page 1
2026-05-27 17:50:09 | INFO     | parser.scraper:scrape_listings:187 - Scraping page 2: https://999.md/ro/list/phone-and-communication/mobile-phones?o_16_1=776&o_1078_589=6309&o_1084_593=6371,6370&o_2200_795=18895&page=2
2026-05-27 17:50:20 | WARNING  | parser.scraper:fetch_page:144 - Listings selector not found in time for https://999.md/ro/list/phone-and-communication/mobile-phones?o_16_1=776&o_1078_589=6309&o_1084_593=6371,6370&o_2200_795=18895&page=2: Timeout 6000ms exceeded.
2026-05-27 17:50:24 | INFO     | parser.scraper:_parse_listings_fallback:294 - Fallback parser extracted 98 listings
2026-05-27 17:50:24 | INFO     | parser.scraper:scrape_listings:197 - Found 98 listings on page 2
2026-05-27 17:50:24 | INFO     | parser.scraper:scrape_listings:203 - Total listings scraped: 197
2026-05-27 17:50:25 | ERROR    | parser.scraper:scrape_listing_details:473 - Error scraping details for https://999.md/ro/88599842?clickToken=eyJhbGciOiJIUzI1NiIsInR5cCI6IkpXVCJ9.eyJleHAiOjE3Nzk4OTcwMDAsIkMiOnsiciI6MSwiYiI6NjAsImMiOjM4LCJ6Ijo0MCwiYSI6Ijg4NTk5ODQyIiwiaSI6Ijk1LjY1LjU4LjExMiIsInMiOiJkZXNrdG9wX3JlZGVzaWduIiwicCI6ImFkc19saXN0X2hlYWRlciIsIngiOiJwcmVtaXVtIiwibCI6ImU1Y2FlODlhLWIzNWQtNDIyNi1iMmZiLTZjNWExOWQ3Y2UyYSIsImUiOiI5NS42NS41OC4xMTIiLCJ0IjoiMjAyNi0wNS0yN1QxNDo1MDowMC40MTc2NjAxNzJaIn19.Lhu6XxHnQHvflqiMnMfgoT91Yx4slye4xpGMxVbdKoY&placement=ADS_LIST_HEADER_REDESIGN&adType=booster&location=subcategory&index=2&cardCategoryId=38&cardSubcategoryId=40: net::ERR_ABORTED at https://999.md/ro/88599842?clickToken=eyJhbGciOiJIUzI1NiIsInR5cCI6IkpXVCJ9.eyJleHAiOjE3Nzk4OTcwMDAsIkMiOnsiciI6MSwiYiI6NjAsImMiOjM4LCJ6Ijo0MCwiYSI6Ijg4NTk5ODQyIiwiaSI6Ijk1LjY1LjU4LjExMiIsInMiOiJkZXNrdG9wX3JlZGVzaWduIiwicCI6ImFkc19saXN0X2hlYWRlciIsIngiOiJwcmVtaXVtIiwibCI6ImU1Y2FlODlhLWIzNWQtNDIyNi1iMmZiLTZjNWExOWQ3Y2UyYSIsImUiOiI5NS42NS41OC4xMTIiLCJ0IjoiMjAyNi0wNS0yN1QxNDo1MDowMC40MTc2NjAxNzJaIn19.Lhu6XxHnQHvflqiMnMfgoT91Yx4slye4xpGMxVbdKoY&placement=ADS_LIST_HEADER_REDESIGN&adType=booster&location=subcategory&index=2&cardCategoryId=38&cardSubcategoryId=40
2026-05-27 17:50:25 | ERROR    | parser.scraper:scrape_listing_details:473 - Error scraping details for https://999.md/ro/104288280?clickToken=eyJhbGciOiJIUzI1NiIsInR5cCI6IkpXVCJ9.eyJleHAiOjE3Nzk4OTcwMDAsIkMiOnsiciI6MSwiYiI6MTAwLCJjIjozOCwieiI6NDAsImEiOiIxMDQyODgyODAiLCJpIjoiOTUuNjUuNTguMTEyIiwicyI6ImRlc2t0b3BfcmVkZXNpZ24iLCJwIjoiYWRzX2xpc3RfaGVhZGVyIiwieCI6IiIsImwiOiI2MDNhZTk4Zi1mMGM4LTQ5NmEtYWRlMS1kYmJiODQ5NjA1YTgiLCJlIjoiOTUuNjUuNTguMTEyIiwiZyI6ImxpdGUiLCJ0IjoiMjAyNi0wNS0yN1QxNDo1MDowMC40MTgxNDM0MTFaIn19.vDQZrb7aoAhnEQq31pNRnL5QazO8FtL5QH_BuH3hLHo&placement=ADS_LIST_HEADER_REDESIGN&adType=booster&location=subcategory&index=10&cardCategoryId=38&cardSubcategoryId=40: net::ERR_ABORTED at https://999.md/ro/104288280?clickToken=eyJhbGciOiJIUzI1NiIsInR5cCI6IkpXVCJ9.eyJleHAiOjE3Nzk4OTcwMDAsIkMiOnsiciI6MSwiYiI6MTAwLCJjIjozOCwieiI6NDAsImEiOiIxMDQyODgyODAiLCJpIjoiOTUuNjUuNTguMTEyIiwicyI6ImRlc2t0b3BfcmVkZXNpZ24iLCJwIjoiYWRzX2xpc3RfaGVhZGVyIiwieCI6IiIsImwiOiI2MDNhZTk4Zi1mMGM4LTQ5NmEtYWRlMS1kYmJiODQ5NjA1YTgiLCJlIjoiOTUuNjUuNTguMTEyIiwiZyI6ImxpdGUiLCJ0IjoiMjAyNi0wNS0yN1QxNDo1MDowMC40MTgxNDM0MTFaIn19.vDQZrb7aoAhnEQq31pNRnL5QazO8FtL5QH_BuH3hLHo&placement=ADS_LIST_HEADER_REDESIGN&adType=booster&location=subcategory&index=10&cardCategoryId=38&cardSubcategoryId=40
2026-05-27 17:50:25 | ERROR    | parser.scraper:scrape_listing_details:473 - Error scraping details for https://999.md/ro/104434721?clickToken=eyJhbGciOiJIUzI1NiIsInR5cCI6IkpXVCJ9.eyJleHAiOjE3Nzk4OTcwMDAsIkMiOnsiciI6MSwiYiI6MTQwLCJjIjozOCwieiI6NDAsImEiOiIxMDQ0MzQ3MjEiLCJpIjoiOTUuNjUuNTguMTEyIiwicyI6ImRlc2t0b3BfcmVkZXNpZ24iLCJwIjoiYWRzX2xpc3RfaGVhZGVyIiwieCI6IiIsImwiOiJkYTRiNzUwYi1jZGY2LTQ0YTAtYjVjOS04NDc3MWM5M2UxODgiLCJlIjoiOTUuNjUuNTguMTEyIiwiZyI6InR1cmJvIiwidCI6IjIwMjYtMDUtMjdUMTQ6NTA6MDAuNDE3NTIwNDUzWiJ9fQ.WfZTHewstupXv0oms4QRwDZsn7sQJ1rHPw5LC6SyIPA&placement=ADS_LIST_HEADER_REDESIGN&adType=booster&location=subcategory&index=1&cardCategoryId=38&cardSubcategoryId=40: net::ERR_ABORTED at https://999.md/ro/104434721?clickToken=eyJhbGciOiJIUzI1NiIsInR5cCI6IkpXVCJ9.eyJleHAiOjE3Nzk4OTcwMDAsIkMiOnsiciI6MSwiYiI6MTQwLCJjIjozOCwieiI6NDAsImEiOiIxMDQ0MzQ3MjEiLCJpIjoiOTUuNjUuNTguMTEyIiwicyI6ImRlc2t0b3BfcmVkZXNpZ24iLCJwIjoiYWRzX2xpc3RfaGVhZGVyIiwieCI6IiIsImwiOiJkYTRiNzUwYi1jZGY2LTQ0YTAtYjVjOS04NDc3MWM5M2UxODgiLCJlIjoiOTUuNjUuNTguMTEyIiwiZyI6InR1cmJvIiwidCI6IjIwMjYtMDUtMjdUMTQ6NTA6MDAuNDE3NTIwNDUzWiJ9fQ.WfZTHewstupXv0oms4QRwDZsn7sQJ1rHPw5LC6SyIPA&placement=ADS_LIST_HEADER_REDESIGN&adType=booster&location=subcategory&index=1&cardCategoryId=38&cardSubcategoryId=40
2026-05-27 17:50:25 | ERROR    | parser.scraper:scrape_listing_details:473 - Error scraping details for https://999.md/ro/84484837?clickToken=eyJhbGciOiJIUzI1NiIsInR5cCI6IkpXVCJ9.eyJleHAiOjE3Nzk4OTcwMDAsIkMiOnsiciI6MSwiYiI6NjAsImMiOjM4LCJ6Ijo0MCwiYSI6Ijg0NDg0ODM3IiwiaSI6Ijk1LjY1LjU4LjExMiIsInMiOiJkZXNrdG9wX3JlZGVzaWduIiwicCI6ImFkc19saXN0X2hlYWRlciIsIngiOiJwcmVtaXVtIiwibCI6ImU1Y2FlODlhLWIzNWQtNDIyNi1iMmZiLTZjNWExOWQ3Y2UyYSIsImUiOiI5NS42NS41OC4xMTIiLCJ0IjoiMjAyNi0wNS0yN1QxNDo1MDowMC40MTc3MTI3M1oifX0.Q41MjUQrVYsuRZC3aUetPZttP8Axty3N52E8zVBTtnU&placement=ADS_LIST_HEADER_REDESIGN&adType=booster&location=subcategory&index=3&cardCategoryId=38&cardSubcategoryId=40: net::ERR_ABORTED at https://999.md/ro/84484837?clickToken=eyJhbGciOiJIUzI1NiIsInR5cCI6IkpXVCJ9.eyJleHAiOjE3Nzk4OTcwMDAsIkMiOnsiciI6MSwiYiI6NjAsImMiOjM4LCJ6Ijo0MCwiYSI6Ijg0NDg0ODM3IiwiaSI6Ijk1LjY1LjU4LjExMiIsInMiOiJkZXNrdG9wX3JlZGVzaWduIiwicCI6ImFkc19saXN0X2hlYWRlciIsIngiOiJwcmVtaXVtIiwibCI6ImU1Y2FlODlhLWIzNWQtNDIyNi1iMmZiLTZjNWExOWQ3Y2UyYSIsImUiOiI5NS42NS41OC4xMTIiLCJ0IjoiMjAyNi0wNS0yN1QxNDo1MDowMC40MTc3MTI3M1oifX0.Q41MjUQrVYsuRZC3aUetPZttP8Axty3N52E8zVBTtnU&placement=ADS_LIST_HEADER_REDESIGN&adType=booster&location=subcategory&index=3&cardCategoryId=38&cardSubcategoryId=40
2026-05-27 17:50:26 | ERROR    | parser.scraper:scrape_listing_details:473 - Error scraping details for https://999.md/ro/81067977?clickToken=eyJhbGciOiJIUzI1NiIsInR5cCI6IkpXVCJ9.eyJleHAiOjE3Nzk4OTcwMDAsIkMiOnsiciI6MSwiYiI6NjAsImMiOjM4LCJ6Ijo0MCwiYSI6IjgxMDY3OTc3IiwiaSI6Ijk1LjY1LjU4LjExMiIsInMiOiJkZXNrdG9wX3JlZGVzaWduIiwicCI6ImFkc19saXN0X2hlYWRlciIsIngiOiJwcmVtaXVtIiwibCI6ImU1Y2FlODlhLWIzNWQtNDIyNi1iMmZiLTZjNWExOWQ3Y2UyYSIsImUiOiI5NS42NS41OC4xMTIiLCJ0IjoiMjAyNi0wNS0yN1QxNDo1MDowMC40MTc3NzcxNDJaIn19.JRU1Vhb-jBWCcRJ8LhDf7uTvqOnJ1IHScg2Cdw0iTbo&placement=ADS_LIST_HEADER_REDESIGN&adType=booster&location=subcategory&index=4&cardCategoryId=38&cardSubcategoryId=40: net::ERR_ABORTED at https://999.md/ro/81067977?clickToken=eyJhbGciOiJIUzI1NiIsInR5cCI6IkpXVCJ9.eyJleHAiOjE3Nzk4OTcwMDAsIkMiOnsiciI6MSwiYiI6NjAsImMiOjM4LCJ6Ijo0MCwiYSI6IjgxMDY3OTc3IiwiaSI6Ijk1LjY1LjU4LjExMiIsInMiOiJkZXNrdG9wX3JlZGVzaWduIiwicCI6ImFkc19saXN0X2hlYWRlciIsIngiOiJwcmVtaXVtIiwibCI6ImU1Y2FlODlhLWIzNWQtNDIyNi1iMmZiLTZjNWExOWQ3Y2UyYSIsImUiOiI5NS42NS41OC4xMTIiLCJ0IjoiMjAyNi0wNS0yN1QxNDo1MDowMC40MTc3NzcxNDJaIn19.JRU1Vhb-jBWCcRJ8LhDf7uTvqOnJ1IHScg2Cdw0iTbo&placement=ADS_LIST_HEADER_REDESIGN&adType=booster&location=subcategory&index=4&cardCategoryId=38&cardSubcategoryId=40
2026-05-27 17:50:30 | ERROR    | parser.scraper:scrape_listing_details:473 - Error scraping details for https://999.md/ro/80735373?clickToken=eyJhbGciOiJIUzI1NiIsInR5cCI6IkpXVCJ9.eyJleHAiOjE3Nzk4OTcwMDAsIkMiOnsiciI6MSwiYiI6NjAsImMiOjM4LCJ6Ijo0MCwiYSI6IjgwNzM1MzczIiwiaSI6Ijk1LjY1LjU4LjExMiIsInMiOiJkZXNrdG9wX3JlZGVzaWduIiwicCI6ImFkc19saXN0X2hlYWRlciIsIngiOiJwcmVtaXVtIiwibCI6ImU1Y2FlODlhLWIzNWQtNDIyNi1iMmZiLTZjNWExOWQ3Y2UyYSIsImUiOiI5NS42NS41OC4xMTIiLCJ0IjoiMjAyNi0wNS0yN1QxNDo1MDowMC40MTgxMDQ5NTNaIn19.d5hJ43B6U5KpkhLLZVwIiYdrLElXZeJB4uIwLCb4npE&placement=ADS_LIST_HEADER_REDESIGN&adType=booster&location=subcategory&index=9&cardCategoryId=38&cardSubcategoryId=40: 'NoneType' object has no attribute 'status'
2026-05-27 17:50:30 | ERROR    | parser.scraper:scrape_listing_details:473 - Error scraping details for https://999.md/ro/76533760?clickToken=eyJhbGciOiJIUzI1NiIsInR5cCI6IkpXVCJ9.eyJleHAiOjE3Nzk4OTcwMDAsIkMiOnsiciI6MSwiYiI6NjAsImMiOjM4LCJ6Ijo0MCwiYSI6Ijc2NTMzNzYwIiwiaSI6Ijk1LjY1LjU4LjExMiIsInMiOiJkZXNrdG9wX3JlZGVzaWduIiwicCI6ImFkc19saXN0X2hlYWRlciIsIngiOiJwcmVtaXVtIiwibCI6ImU1Y2FlODlhLWIzNWQtNDIyNi1iMmZiLTZjNWExOWQ3Y2UyYSIsImUiOiI5NS42NS41OC4xMTIiLCJ0IjoiMjAyNi0wNS0yN1QxNDo1MDowMC40MTc4NzQ4NDVaIn19.sOKKcWLmO0r0lny9Ba1BxaoO9mAsPiJgNyB9-l4QxAQ&placement=ADS_LIST_HEADER_REDESIGN&adType=booster&location=subcategory&index=5&cardCategoryId=38&cardSubcategoryId=40: 'NoneType' object has no attribute 'status'
2026-05-27 17:50:31 | ERROR    | parser.scraper:scrape_listing_details:473 - Error scraping details for https://999.md/ro/104469923?location=subcategory&index=5&cardCategoryId=38&cardSubcategoryId=40: net::ERR_ABORTED at https://999.md/ro/104469923?location=subcategory&index=5&cardCategoryId=38&cardSubcategoryId=40
2026-05-27 17:50:36 | ERROR    | parser.scraper:scrape_listing_details:473 - Error scraping details for https://999.md/ro/104457664?location=subcategory&index=6&cardCategoryId=38&cardSubcategoryId=40: 'NoneType' object has no attribute 'status'
2026-05-27 17:50:36 | ERROR    | parser.scraper:scrape_listing_details:473 - Error scraping details for https://999.md/ro/104102803?location=subcategory&index=2&cardCategoryId=38&cardSubcategoryId=40: 'NoneType' object has no attribute 'status'
2026-05-27 17:50:36 | ERROR    | parser.scraper:scrape_listing_details:473 - Error scraping details for https://999.md/ro/103601287?location=subcategory&index=3&cardCategoryId=38&cardSubcategoryId=40: 'NoneType' object has no attribute 'status'
2026-05-27 17:50:37 | ERROR    | parser.scraper:scrape_listing_details:473 - Error scraping details for https://999.md/ro/104329852?location=subcategory&index=11&cardCategoryId=38&cardSubcategoryId=40: net::ERR_ABORTED at https://999.md/ro/104329852?location=subcategory&index=11&cardCategoryId=38&cardSubcategoryId=40
2026-05-27 17:50:41 | ERROR    | parser.scraper:scrape_listing_details:473 - Error scraping details for https://999.md/ro/104469835?location=subcategory&index=8&cardCategoryId=38&cardSubcategoryId=40: 'NoneType' object has no attribute 'status'
2026-05-27 17:50:41 | INFO     | parser.processor:process_listings:58 - Processed 197 listings: 197 new, 0 updated, 0 errors
2026-05-27 17:50:41 | INFO     | scheduler:run_parser:115 - Parser completed: 197 new, 0 updated, 0 marked deleted, 0 errors
2026-05-27 17:50:41 | INFO     | parser.scraper:close:119 - Browser closed
2026-05-27 17:54:54 | INFO     | scheduler:run_parser:53 - Starting parser job...
2026-05-27 17:54:54 | INFO     | scheduler:run_parser:64 - Incremental mode: scraping first 2 pages (sorted by newest)
2026-05-27 17:54:55 | INFO     | parser.scraper:init_browser:106 - Browser initialized with stealth settings
2026-05-27 17:54:55 | INFO     | parser.scraper:scrape_listings:187 - Scraping page 1: https://999.md/ro/list/phone-and-communication/mobile-phones?o_16_1=776&o_1078_589=6309&o_1084_593=6371,6370&o_2200_795=18895
2026-05-27 17:55:05 | WARNING  | parser.scraper:fetch_page:144 - Listings selector not found in time for https://999.md/ro/list/phone-and-communication/mobile-phones?o_16_1=776&o_1078_589=6309&o_1084_593=6371,6370&o_2200_795=18895: Timeout 6000ms exceeded.
2026-05-27 17:55:09 | INFO     | parser.scraper:_parse_listings_fallback:294 - Fallback parser extracted 95 listings
2026-05-27 17:55:09 | INFO     | parser.scraper:scrape_listings:197 - Found 95 listings on page 1
2026-05-27 17:55:09 | INFO     | parser.scraper:scrape_listings:187 - Scraping page 2: https://999.md/ro/list/phone-and-communication/mobile-phones?o_16_1=776&o_1078_589=6309&o_1084_593=6371,6370&o_2200_795=18895&page=2
2026-05-27 17:55:19 | WARNING  | parser.scraper:fetch_page:144 - Listings selector not found in time for https://999.md/ro/list/phone-and-communication/mobile-phones?o_16_1=776&o_1078_589=6309&o_1084_593=6371,6370&o_2200_795=18895&page=2: Timeout 6000ms exceeded.
2026-05-27 17:55:23 | INFO     | parser.scraper:_parse_listings_fallback:294 - Fallback parser extracted 96 listings
2026-05-27 17:55:23 | INFO     | parser.scraper:scrape_listings:197 - Found 96 listings on page 2
2026-05-27 17:55:23 | INFO     | parser.scraper:scrape_listings:203 - Total listings scraped: 191
2026-05-27 17:55:23 | ERROR    | parser.scraper:scrape_listing_details:473 - Error scraping details for https://999.md/ro/81067950?clickToken=eyJhbGciOiJIUzI1NiIsInR5cCI6IkpXVCJ9.eyJleHAiOjE3Nzk4OTczMDAsIkMiOnsiciI6MSwiYiI6NjAsImMiOjM4LCJ6Ijo0MCwiYSI6IjgxMDY3OTUwIiwiaSI6Ijk1LjY1LjU4LjExMiIsInMiOiJkZXNrdG9wX3JlZGVzaWduIiwicCI6ImFkc19saXN0X2hlYWRlciIsIngiOiJwcmVtaXVtIiwibCI6ImU1Y2FlODlhLWIzNWQtNDIyNi1iMmZiLTZjNWExOWQ3Y2UyYSIsImUiOiI5NS42NS41OC4xMTIiLCJ0IjoiMjAyNi0wNS0yN1QxNDo1NTowMC4yNTgxMTQ5MjFaIn19.GG3tHjftJbjLj9_WSYkLQec2B29d0N30uCBWr5HX1Gw&placement=ADS_LIST_HEADER_REDESIGN&adType=booster&location=subcategory&index=12&cardCategoryId=38&cardSubcategoryId=40: net::ERR_ABORTED at https://999.md/ro/81067950?clickToken=eyJhbGciOiJIUzI1NiIsInR5cCI6IkpXVCJ9.eyJleHAiOjE3Nzk4OTczMDAsIkMiOnsiciI6MSwiYiI6NjAsImMiOjM4LCJ6Ijo0MCwiYSI6IjgxMDY3OTUwIiwiaSI6Ijk1LjY1LjU4LjExMiIsInMiOiJkZXNrdG9wX3JlZGVzaWduIiwicCI6ImFkc19saXN0X2hlYWRlciIsIngiOiJwcmVtaXVtIiwibCI6ImU1Y2FlODlhLWIzNWQtNDIyNi1iMmZiLTZjNWExOWQ3Y2UyYSIsImUiOiI5NS42NS41OC4xMTIiLCJ0IjoiMjAyNi0wNS0yN1QxNDo1NTowMC4yNTgxMTQ5MjFaIn19.GG3tHjftJbjLj9_WSYkLQec2B29d0N30uCBWr5HX1Gw&placement=ADS_LIST_HEADER_REDESIGN&adType=booster&location=subcategory&index=12&cardCategoryId=38&cardSubcategoryId=40
2026-05-27 17:55:24 | ERROR    | parser.scraper:scrape_listing_details:473 - Error scraping details for https://999.md/ro/102733663?clickToken=eyJhbGciOiJIUzI1NiIsInR5cCI6IkpXVCJ9.eyJleHAiOjE3Nzk4OTczMDAsIkMiOnsiciI6MSwiYiI6NjAsImMiOjM4LCJ6Ijo0MCwiYSI6IjEwMjczMzY2MyIsImkiOiI5NS42NS41OC4xMTIiLCJzIjoiZGVza3RvcF9yZWRlc2lnbiIsInAiOiJhZHNfbGlzdF9oZWFkZXIiLCJ4IjoicHJlbWl1bSIsImwiOiJlNWNhZTg5YS1iMzVkLTQyMjYtYjJmYi02YzVhMTlkN2NlMmEiLCJlIjoiOTUuNjUuNTguMTEyIiwidCI6IjIwMjYtMDUtMjdUMTQ6NTU6MDAuMjU3NjgxMzhaIn19.2ouycwIHFf_qHto1x4BS8tJCYJ3sUShL6DujZJFYkBY&placement=ADS_LIST_HEADER_REDESIGN&adType=booster&location=subcategory&index=3&cardCategoryId=38&cardSubcategoryId=40: net::ERR_ABORTED at https://999.md/ro/102733663?clickToken=eyJhbGciOiJIUzI1NiIsInR5cCI6IkpXVCJ9.eyJleHAiOjE3Nzk4OTczMDAsIkMiOnsiciI6MSwiYiI6NjAsImMiOjM4LCJ6Ijo0MCwiYSI6IjEwMjczMzY2MyIsImkiOiI5NS42NS41OC4xMTIiLCJzIjoiZGVza3RvcF9yZWRlc2lnbiIsInAiOiJhZHNfbGlzdF9oZWFkZXIiLCJ4IjoicHJlbWl1bSIsImwiOiJlNWNhZTg5YS1iMzVkLTQyMjYtYjJmYi02YzVhMTlkN2NlMmEiLCJlIjoiOTUuNjUuNTguMTEyIiwidCI6IjIwMjYtMDUtMjdUMTQ6NTU6MDAuMjU3NjgxMzhaIn19.2ouycwIHFf_qHto1x4BS8tJCYJ3sUShL6DujZJFYkBY&placement=ADS_LIST_HEADER_REDESIGN&adType=booster&location=subcategory&index=3&cardCategoryId=38&cardSubcategoryId=40
2026-05-27 17:55:24 | ERROR    | parser.scraper:scrape_listing_details:473 - Error scraping details for https://999.md/ro/81068029?clickToken=eyJhbGciOiJIUzI1NiIsInR5cCI6IkpXVCJ9.eyJleHAiOjE3Nzk4OTczMDAsIkMiOnsiciI6MSwiYiI6NjAsImMiOjM4LCJ6Ijo0MCwiYSI6IjgxMDY4MDI5IiwiaSI6Ijk1LjY1LjU4LjExMiIsInMiOiJkZXNrdG9wX3JlZGVzaWduIiwicCI6ImFkc19saXN0X2hlYWRlciIsIngiOiJwcmVtaXVtIiwibCI6ImU1Y2FlODlhLWIzNWQtNDIyNi1iMmZiLTZjNWExOWQ3Y2UyYSIsImUiOiI5NS42NS41OC4xMTIiLCJ0IjoiMjAyNi0wNS0yN1QxNDo1NTowMC4yNTc3MDI3MTVaIn19.c_pTj4eoNRH-6VQKQJhXFD09O_Okt01rfi_ryJADfUA&placement=ADS_LIST_HEADER_REDESIGN&adType=booster&location=subcategory&index=4&cardCategoryId=38&cardSubcategoryId=40: net::ERR_ABORTED at https://999.md/ro/81068029?clickToken=eyJhbGciOiJIUzI1NiIsInR5cCI6IkpXVCJ9.eyJleHAiOjE3Nzk4OTczMDAsIkMiOnsiciI6MSwiYiI6NjAsImMiOjM4LCJ6Ijo0MCwiYSI6IjgxMDY4MDI5IiwiaSI6Ijk1LjY1LjU4LjExMiIsInMiOiJkZXNrdG9wX3JlZGVzaWduIiwicCI6ImFkc19saXN0X2hlYWRlciIsIngiOiJwcmVtaXVtIiwibCI6ImU1Y2FlODlhLWIzNWQtNDIyNi1iMmZiLTZjNWExOWQ3Y2UyYSIsImUiOiI5NS42NS41OC4xMTIiLCJ0IjoiMjAyNi0wNS0yN1QxNDo1NTowMC4yNTc3MDI3MTVaIn19.c_pTj4eoNRH-6VQKQJhXFD09O_Okt01rfi_ryJADfUA&placement=ADS_LIST_HEADER_REDESIGN&adType=booster&location=subcategory&index=4&cardCategoryId=38&cardSubcategoryId=40
2026-05-27 17:55:24 | ERROR    | parser.scraper:scrape_listing_details:473 - Error scraping details for https://999.md/ro/80507310?clickToken=eyJhbGciOiJIUzI1NiIsInR5cCI6IkpXVCJ9.eyJleHAiOjE3Nzk4OTczMDAsIkMiOnsiciI6MSwiYiI6NjAsImMiOjM4LCJ6Ijo0MCwiYSI6IjgwNTA3MzEwIiwiaSI6Ijk1LjY1LjU4LjExMiIsInMiOiJkZXNrdG9wX3JlZGVzaWduIiwicCI6ImFkc19saXN0X2hlYWRlciIsIngiOiJwcmVtaXVtIiwibCI6ImU1Y2FlODlhLWIzNWQtNDIyNi1iMmZiLTZjNWExOWQ3Y2UyYSIsImUiOiI5NS42NS41OC4xMTIiLCJ0IjoiMjAyNi0wNS0yN1QxNDo1NTowMC4yNTc1ODg0MzJaIn19.EOWJipe65Wqfqrwff91g6I20f5p1lYzEWH3uztikecE&placement=ADS_LIST_HEADER_REDESIGN&adType=booster&location=subcategory&index=1&cardCategoryId=38&cardSubcategoryId=40: net::ERR_ABORTED at https://999.md/ro/80507310?clickToken=eyJhbGciOiJIUzI1NiIsInR5cCI6IkpXVCJ9.eyJleHAiOjE3Nzk4OTczMDAsIkMiOnsiciI6MSwiYiI6NjAsImMiOjM4LCJ6Ijo0MCwiYSI6IjgwNTA3MzEwIiwiaSI6Ijk1LjY1LjU4LjExMiIsInMiOiJkZXNrdG9wX3JlZGVzaWduIiwicCI6ImFkc19saXN0X2hlYWRlciIsIngiOiJwcmVtaXVtIiwibCI6ImU1Y2FlODlhLWIzNWQtNDIyNi1iMmZiLTZjNWExOWQ3Y2UyYSIsImUiOiI5NS42NS41OC4xMTIiLCJ0IjoiMjAyNi0wNS0yN1QxNDo1NTowMC4yNTc1ODg0MzJaIn19.EOWJipe65Wqfqrwff91g6I20f5p1lYzEWH3uztikecE&placement=ADS_LIST_HEADER_REDESIGN&adType=booster&location=subcategory&index=1&cardCategoryId=38&cardSubcategoryId=40
2026-05-27 17:55:24 | ERROR    | parser.scraper:scrape_listing_details:473 - Error scraping details for https://999.md/ro/76554706?clickToken=eyJhbGciOiJIUzI1NiIsInR5cCI6IkpXVCJ9.eyJleHAiOjE3Nzk4OTczMDAsIkMiOnsiciI6MSwiYiI6NjAsImMiOjM4LCJ6Ijo0MCwiYSI6Ijc2NTU0NzA2IiwiaSI6Ijk1LjY1LjU4LjExMiIsInMiOiJkZXNrdG9wX3JlZGVzaWduIiwicCI6ImFkc19saXN0X2hlYWRlciIsIngiOiJwcmVtaXVtIiwibCI6ImU1Y2FlODlhLWIzNWQtNDIyNi1iMmZiLTZjNWExOWQ3Y2UyYSIsImUiOiI5NS42NS41OC4xMTIiLCJ0IjoiMjAyNi0wNS0yN1QxNDo1NTowMC4yNTc5MzAxMjNaIn19.9Fbp1arTF95kXOL1ucpdErqvsEIPI8sUJG41Yv96Qy4&placement=ADS_LIST_HEADER_REDESIGN&adType=booster&location=subcategory&index=8&cardCategoryId=38&cardSubcategoryId=40: net::ERR_ABORTED at https://999.md/ro/76554706?clickToken=eyJhbGciOiJIUzI1NiIsInR5cCI6IkpXVCJ9.eyJleHAiOjE3Nzk4OTczMDAsIkMiOnsiciI6MSwiYiI6NjAsImMiOjM4LCJ6Ijo0MCwiYSI6Ijc2NTU0NzA2IiwiaSI6Ijk1LjY1LjU4LjExMiIsInMiOiJkZXNrdG9wX3JlZGVzaWduIiwicCI6ImFkc19saXN0X2hlYWRlciIsIngiOiJwcmVtaXVtIiwibCI6ImU1Y2FlODlhLWIzNWQtNDIyNi1iMmZiLTZjNWExOWQ3Y2UyYSIsImUiOiI5NS42NS41OC4xMTIiLCJ0IjoiMjAyNi0wNS0yN1QxNDo1NTowMC4yNTc5MzAxMjNaIn19.9Fbp1arTF95kXOL1ucpdErqvsEIPI8sUJG41Yv96Qy4&placement=ADS_LIST_HEADER_REDESIGN&adType=booster&location=subcategory&index=8&cardCategoryId=38&cardSubcategoryId=40
2026-05-27 17:55:29 | ERROR    | parser.scraper:scrape_listing_details:473 - Error scraping details for https://999.md/ro/104434721?clickToken=eyJhbGciOiJIUzI1NiIsInR5cCI6IkpXVCJ9.eyJleHAiOjE3Nzk4OTczMDAsIkMiOnsiciI6MSwiYiI6MTQwLCJjIjozOCwieiI6NDAsImEiOiIxMDQ0MzQ3MjEiLCJpIjoiOTUuNjUuNTguMTEyIiwicyI6ImRlc2t0b3BfcmVkZXNpZ24iLCJwIjoiYWRzX2xpc3RfaGVhZGVyIiwieCI6IiIsImwiOiJkYTRiNzUwYi1jZGY2LTQ0YTAtYjVjOS04NDc3MWM5M2UxODgiLCJlIjoiOTUuNjUuNTguMTEyIiwiZyI6InR1cmJvIiwidCI6IjIwMjYtMDUtMjdUMTQ6NTU6MDAuMjU3ODkwMzQzWiJ9fQ.5dUlGDXu0E9nUts9Oe1jK6P-A3azSnog_vWplDlHJRQ&placement=ADS_LIST_HEADER_REDESIGN&adType=booster&location=subcategory&index=7&cardCategoryId=38&cardSubcategoryId=40: 'NoneType' object has no attribute 'status'
2026-05-27 17:55:29 | ERROR    | parser.scraper:scrape_listing_details:473 - Error scraping details for https://999.md/ro/76554776?clickToken=eyJhbGciOiJIUzI1NiIsInR5cCI6IkpXVCJ9.eyJleHAiOjE3Nzk4OTczMDAsIkMiOnsiciI6MSwiYiI6NjAsImMiOjM4LCJ6Ijo0MCwiYSI6Ijc2NTU0Nzc2IiwiaSI6Ijk1LjY1LjU4LjExMiIsInMiOiJkZXNrdG9wX3JlZGVzaWduIiwicCI6ImFkc19saXN0X2hlYWRlciIsIngiOiJwcmVtaXVtIiwibCI6ImU1Y2FlODlhLWIzNWQtNDIyNi1iMmZiLTZjNWExOWQ3Y2UyYSIsImUiOiI5NS42NS41OC4xMTIiLCJ0IjoiMjAyNi0wNS0yN1QxNDo1NTowMC4yNTc4NjgxMTdaIn19.6I35GMDPEtOV01Qs3xcBDxWuFWWSb8zw3zt3nrDXPyA&placement=ADS_LIST_HEADER_REDESIGN&adType=booster&location=subcategory&index=6&cardCategoryId=38&cardSubcategoryId=40: 'NoneType' object has no attribute 'status'
2026-05-27 17:55:30 | ERROR    | parser.scraper:scrape_listing_details:473 - Error scraping details for https://999.md/ro/104463715?location=subcategory&index=4&cardCategoryId=38&cardSubcategoryId=40: net::ERR_ABORTED at https://999.md/ro/104463715?location=subcategory&index=4&cardCategoryId=38&cardSubcategoryId=40
2026-05-27 17:55:30 | ERROR    | parser.scraper:scrape_listing_details:473 - Error scraping details for https://999.md/ro/104457664?location=subcategory&index=6&cardCategoryId=38&cardSubcategoryId=40: net::ERR_ABORTED at https://999.md/ro/104457664?location=subcategory&index=6&cardCategoryId=38&cardSubcategoryId=40
2026-05-27 17:55:30 | ERROR    | parser.scraper:scrape_listing_details:473 - Error scraping details for https://999.md/ro/104102803?location=subcategory&index=2&cardCategoryId=38&cardSubcategoryId=40: net::ERR_ABORTED at https://999.md/ro/104102803?location=subcategory&index=2&cardCategoryId=38&cardSubcategoryId=40
2026-05-27 17:55:30 | ERROR    | parser.scraper:scrape_listing_details:473 - Error scraping details for https://999.md/ro/104469923?location=subcategory&index=5&cardCategoryId=38&cardSubcategoryId=40: net::ERR_ABORTED at https://999.md/ro/104469923?location=subcategory&index=5&cardCategoryId=38&cardSubcategoryId=40
2026-05-27 17:55:30 | ERROR    | parser.scraper:scrape_listing_details:473 - Error scraping details for https://999.md/ro/104469835?location=subcategory&index=8&cardCategoryId=38&cardSubcategoryId=40: net::ERR_ABORTED at https://999.md/ro/104469835?location=subcategory&index=8&cardCategoryId=38&cardSubcategoryId=40
2026-05-27 17:55:30 | ERROR    | parser.scraper:scrape_listing_details:473 - Error scraping details for https://999.md/ro/104469836?location=subcategory&index=7&cardCategoryId=38&cardSubcategoryId=40: net::ERR_ABORTED at https://999.md/ro/104469836?location=subcategory&index=7&cardCategoryId=38&cardSubcategoryId=40
2026-05-27 17:55:36 | ERROR    | parser.scraper:scrape_listing_details:473 - Error scraping details for https://999.md/ro/104469810?location=subcategory&index=12&cardCategoryId=38&cardSubcategoryId=40: 'NoneType' object has no attribute 'status'
2026-05-27 17:55:36 | ERROR    | parser.scraper:scrape_listing_details:473 - Error scraping details for https://999.md/ro/104459195?location=subcategory&index=9&cardCategoryId=38&cardSubcategoryId=40: 'NoneType' object has no attribute 'status'
2026-05-27 17:55:36 | INFO     | parser.processor:process_listings:58 - Processed 191 listings: 36 new, 155 updated, 0 errors
2026-05-27 17:55:36 | INFO     | scheduler:run_parser:115 - Parser completed: 36 new, 155 updated, 0 marked deleted, 0 errors
2026-05-27 17:55:36 | INFO     | parser.scraper:close:119 - Browser closed
2026-05-27 17:59:54 | INFO     | scheduler:run_deal_detection:135 - Starting deal detection job...
2026-05-27 17:59:54 | INFO     | scheduler:run_parser:53 - Starting parser job...
2026-05-27 17:59:54 | INFO     | scheduler:run_parser:64 - Incremental mode: scraping first 2 pages (sorted by newest)
2026-05-27 17:59:54 | ERROR    | scheduler:run_deal_detection:164 - Error in deal detection: 'profit'
2026-05-27 17:59:55 | INFO     | parser.scraper:init_browser:106 - Browser initialized with stealth settings
2026-05-27 17:59:55 | INFO     | parser.scraper:scrape_listings:187 - Scraping page 1: https://999.md/ro/list/phone-and-communication/mobile-phones?o_16_1=776&o_1078_589=6309&o_1084_593=6371,6370&o_2200_795=18895
2026-05-27 17:59:59 | ERROR    | parser.scraper:fetch_page:159 - Error fetching https://999.md/ro/list/phone-and-communication/mobile-phones?o_16_1=776&o_1078_589=6309&o_1084_593=6371,6370&o_2200_795=18895: net::ERR_NAME_NOT_RESOLVED at https://999.md/ro/list/phone-and-communication/mobile-phones?o_16_1=776&o_1078_589=6309&o_1084_593=6371,6370&o_2200_795=18895
2026-05-27 18:00:13 | WARNING  | parser.scraper:fetch_page:144 - Listings selector not found in time for https://999.md/ro/list/phone-and-communication/mobile-phones?o_16_1=776&o_1078_589=6309&o_1084_593=6371,6370&o_2200_795=18895: Timeout 6000ms exceeded.
2026-05-27 18:00:17 | INFO     | parser.scraper:_parse_listings_fallback:294 - Fallback parser extracted 93 listings
2026-05-27 18:00:17 | INFO     | parser.scraper:scrape_listings:197 - Found 93 listings on page 1
2026-05-27 18:00:17 | INFO     | parser.scraper:scrape_listings:187 - Scraping page 2: https://999.md/ro/list/phone-and-communication/mobile-phones?o_16_1=776&o_1078_589=6309&o_1084_593=6371,6370&o_2200_795=18895&page=2
2026-05-27 18:00:27 | WARNING  | parser.scraper:fetch_page:144 - Listings selector not found in time for https://999.md/ro/list/phone-and-communication/mobile-phones?o_16_1=776&o_1078_589=6309&o_1084_593=6371,6370&o_2200_795=18895&page=2: Timeout 6000ms exceeded.
2026-05-27 18:00:31 | INFO     | parser.scraper:_parse_listings_fallback:294 - Fallback parser extracted 100 listings
2026-05-27 18:00:31 | INFO     | parser.scraper:scrape_listings:197 - Found 100 listings on page 2
2026-05-27 18:00:31 | INFO     | parser.scraper:scrape_listings:203 - Total listings scraped: 193
2026-05-27 18:00:31 | ERROR    | parser.scraper:scrape_listing_details:473 - Error scraping details for https://999.md/ro/103684712?clickToken=eyJhbGciOiJIUzI1NiIsInR5cCI6IkpXVCJ9.eyJleHAiOjE3Nzk4OTc2MDgsIkMiOnsiciI6MSwiYiI6NjAsImMiOjM4LCJ6Ijo0MCwiYSI6IjEwMzY4NDcxMiIsImkiOiI5NS42NS41OC4xMTIiLCJzIjoiZGVza3RvcF9yZWRlc2lnbiIsInAiOiJhZHNfbGlzdF9oZWFkZXIiLCJ4IjoicHJlbWl1bSIsImwiOiJkMGMxMWMwOC01MzQ2LTRmOGYtYjE5Ni0wNTNkYmJmMjU5MTciLCJlIjoiOTUuNjUuNTguMTEyIiwidCI6IjIwMjYtMDUtMjdUMTU6MDA6MDguMjU3OTk1ODgxWiJ9fQ.OfIvePoMQlDPX0EvMXKCdkB4DvbmH3o56YNruzDTfpo&placement=ADS_LIST_HEADER_REDESIGN&adType=booster&location=subcategory&index=5&cardCategoryId=38&cardSubcategoryId=40: net::ERR_ABORTED at https://999.md/ro/103684712?clickToken=eyJhbGciOiJIUzI1NiIsInR5cCI6IkpXVCJ9.eyJleHAiOjE3Nzk4OTc2MDgsIkMiOnsiciI6MSwiYiI6NjAsImMiOjM4LCJ6Ijo0MCwiYSI6IjEwMzY4NDcxMiIsImkiOiI5NS42NS41OC4xMTIiLCJzIjoiZGVza3RvcF9yZWRlc2lnbiIsInAiOiJhZHNfbGlzdF9oZWFkZXIiLCJ4IjoicHJlbWl1bSIsImwiOiJkMGMxMWMwOC01MzQ2LTRmOGYtYjE5Ni0wNTNkYmJmMjU5MTciLCJlIjoiOTUuNjUuNTguMTEyIiwidCI6IjIwMjYtMDUtMjdUMTU6MDA6MDguMjU3OTk1ODgxWiJ9fQ.OfIvePoMQlDPX0EvMXKCdkB4DvbmH3o56YNruzDTfpo&placement=ADS_LIST_HEADER_REDESIGN&adType=booster&location=subcategory&index=5&cardCategoryId=38&cardSubcategoryId=40
2026-05-27 18:00:32 | ERROR    | parser.scraper:scrape_listing_details:473 - Error scraping details for https://999.md/ro/88621675?clickToken=eyJhbGciOiJIUzI1NiIsInR5cCI6IkpXVCJ9.eyJleHAiOjE3Nzk4OTc2MDgsIkMiOnsiciI6MSwiYiI6NjAsImMiOjM4LCJ6Ijo0MCwiYSI6Ijg4NjIxNjc1IiwiaSI6Ijk1LjY1LjU4LjExMiIsInMiOiJkZXNrdG9wX3JlZGVzaWduIiwicCI6ImFkc19saXN0X2hlYWRlciIsIngiOiJwcmVtaXVtIiwibCI6ImU1Y2FlODlhLWIzNWQtNDIyNi1iMmZiLTZjNWExOWQ3Y2UyYSIsImUiOiI5NS42NS41OC4xMTIiLCJ0IjoiMjAyNi0wNS0yN1QxNTowMDowOC4yNTgyMzE4NjNaIn19.ghl0I1Uzmy276WT2HvgByqtOSZJLCtuMGRsGrEslJSw&placement=ADS_LIST_HEADER_REDESIGN&adType=booster&location=subcategory&index=9&cardCategoryId=38&cardSubcategoryId=40: net::ERR_ABORTED at https://999.md/ro/88621675?clickToken=eyJhbGciOiJIUzI1NiIsInR5cCI6IkpXVCJ9.eyJleHAiOjE3Nzk4OTc2MDgsIkMiOnsiciI6MSwiYiI6NjAsImMiOjM4LCJ6Ijo0MCwiYSI6Ijg4NjIxNjc1IiwiaSI6Ijk1LjY1LjU4LjExMiIsInMiOiJkZXNrdG9wX3JlZGVzaWduIiwicCI6ImFkc19saXN0X2hlYWRlciIsIngiOiJwcmVtaXVtIiwibCI6ImU1Y2FlODlhLWIzNWQtNDIyNi1iMmZiLTZjNWExOWQ3Y2UyYSIsImUiOiI5NS42NS41OC4xMTIiLCJ0IjoiMjAyNi0wNS0yN1QxNTowMDowOC4yNTgyMzE4NjNaIn19.ghl0I1Uzmy276WT2HvgByqtOSZJLCtuMGRsGrEslJSw&placement=ADS_LIST_HEADER_REDESIGN&adType=booster&location=subcategory&index=9&cardCategoryId=38&cardSubcategoryId=40
2026-05-27 18:00:32 | ERROR    | parser.scraper:scrape_listing_details:473 - Error scraping details for https://999.md/ro/84441850?clickToken=eyJhbGciOiJIUzI1NiIsInR5cCI6IkpXVCJ9.eyJleHAiOjE3Nzk4OTc2MDgsIkMiOnsiciI6MSwiYiI6NjAsImMiOjM4LCJ6Ijo0MCwiYSI6Ijg0NDQxODUwIiwiaSI6Ijk1LjY1LjU4LjExMiIsInMiOiJkZXNrdG9wX3JlZGVzaWduIiwicCI6ImFkc19saXN0X2hlYWRlciIsIngiOiJwcmVtaXVtIiwibCI6ImU1Y2FlODlhLWIzNWQtNDIyNi1iMmZiLTZjNWExOWQ3Y2UyYSIsImUiOiI5NS42NS41OC4xMTIiLCJ0IjoiMjAyNi0wNS0yN1QxNTowMDowOC4yNTgxMjE2NDVaIn19.969UvFBFejK28_JiHXogRszQflEgpUqeZVanHy5Jh7M&placement=ADS_LIST_HEADER_REDESIGN&adType=booster&location=subcategory&index=8&cardCategoryId=38&cardSubcategoryId=40: net::ERR_ABORTED at https://999.md/ro/84441850?clickToken=eyJhbGciOiJIUzI1NiIsInR5cCI6IkpXVCJ9.eyJleHAiOjE3Nzk4OTc2MDgsIkMiOnsiciI6MSwiYiI6NjAsImMiOjM4LCJ6Ijo0MCwiYSI6Ijg0NDQxODUwIiwiaSI6Ijk1LjY1LjU4LjExMiIsInMiOiJkZXNrdG9wX3JlZGVzaWduIiwicCI6ImFkc19saXN0X2hlYWRlciIsIngiOiJwcmVtaXVtIiwibCI6ImU1Y2FlODlhLWIzNWQtNDIyNi1iMmZiLTZjNWExOWQ3Y2UyYSIsImUiOiI5NS42NS41OC4xMTIiLCJ0IjoiMjAyNi0wNS0yN1QxNTowMDowOC4yNTgxMjE2NDVaIn19.969UvFBFejK28_JiHXogRszQflEgpUqeZVanHy5Jh7M&placement=ADS_LIST_HEADER_REDESIGN&adType=booster&location=subcategory&index=8&cardCategoryId=38&cardSubcategoryId=40
2026-05-27 18:00:32 | ERROR    | parser.scraper:scrape_listing_details:473 - Error scraping details for https://999.md/ro/77969581?clickToken=eyJhbGciOiJIUzI1NiIsInR5cCI6IkpXVCJ9.eyJleHAiOjE3Nzk4OTc2MDgsIkMiOnsiciI6MSwiYiI6NjAsImMiOjM4LCJ6Ijo0MCwiYSI6Ijc3OTY5NTgxIiwiaSI6Ijk1LjY1LjU4LjExMiIsInMiOiJkZXNrdG9wX3JlZGVzaWduIiwicCI6ImFkc19saXN0X2hlYWRlciIsIngiOiJwcmVtaXVtIiwibCI6ImU1Y2FlODlhLWIzNWQtNDIyNi1iMmZiLTZjNWExOWQ3Y2UyYSIsImUiOiI5NS42NS41OC4xMTIiLCJ0IjoiMjAyNi0wNS0yN1QxNTowMDowOC4yNTc3MzIxNjRaIn19.xJbdAIMObvDwfX7nt9vHlXlYkqybtbFWJ0Z_FQKqvKc&placement=ADS_LIST_HEADER_REDESIGN&adType=booster&location=subcategory&index=1&cardCategoryId=38&cardSubcategoryId=40: net::ERR_ABORTED at https://999.md/ro/77969581?clickToken=eyJhbGciOiJIUzI1NiIsInR5cCI6IkpXVCJ9.eyJleHAiOjE3Nzk4OTc2MDgsIkMiOnsiciI6MSwiYiI6NjAsImMiOjM4LCJ6Ijo0MCwiYSI6Ijc3OTY5NTgxIiwiaSI6Ijk1LjY1LjU4LjExMiIsInMiOiJkZXNrdG9wX3JlZGVzaWduIiwicCI6ImFkc19saXN0X2hlYWRlciIsIngiOiJwcmVtaXVtIiwibCI6ImU1Y2FlODlhLWIzNWQtNDIyNi1iMmZiLTZjNWExOWQ3Y2UyYSIsImUiOiI5NS42NS41OC4xMTIiLCJ0IjoiMjAyNi0wNS0yN1QxNTowMDowOC4yNTc3MzIxNjRaIn19.xJbdAIMObvDwfX7nt9vHlXlYkqybtbFWJ0Z_FQKqvKc&placement=ADS_LIST_HEADER_REDESIGN&adType=booster&location=subcategory&index=1&cardCategoryId=38&cardSubcategoryId=40
2026-05-27 18:00:37 | ERROR    | parser.scraper:scrape_listing_details:473 - Error scraping details for https://999.md/ro/81016747?clickToken=eyJhbGciOiJIUzI1NiIsInR5cCI6IkpXVCJ9.eyJleHAiOjE3Nzk4OTc2MDgsIkMiOnsiciI6MSwiYiI6NjAsImMiOjM4LCJ6Ijo0MCwiYSI6IjgxMDE2NzQ3IiwiaSI6Ijk1LjY1LjU4LjExMiIsInMiOiJkZXNrdG9wX3JlZGVzaWduIiwicCI6ImFkc19saXN0X2hlYWRlciIsIngiOiJwcmVtaXVtIiwibCI6ImU1Y2FlODlhLWIzNWQtNDIyNi1iMmZiLTZjNWExOWQ3Y2UyYSIsImUiOiI5NS42NS41OC4xMTIiLCJ0IjoiMjAyNi0wNS0yN1QxNTowMDowOC4yNTc4NzExOTlaIn19.G--w94oDMe7_FYdXbVkgaGJZmKiV3mPXmuVFhsrTJ4A&placement=ADS_LIST_HEADER_REDESIGN&adType=booster&location=subcategory&index=4&cardCategoryId=38&cardSubcategoryId=40: 'NoneType' object has no attribute 'status'
2026-05-27 18:00:37 | ERROR    | parser.scraper:scrape_listing_details:473 - Error scraping details for https://999.md/ro/104102803?location=subcategory&index=3&cardCategoryId=38&cardSubcategoryId=40: 'NoneType' object has no attribute 'status'
2026-05-27 18:00:37 | ERROR    | parser.scraper:scrape_listing_details:473 - Error scraping details for https://999.md/ro/104470025?location=subcategory&index=2&cardCategoryId=38&cardSubcategoryId=40: 'NoneType' object has no attribute 'status'
2026-05-27 18:00:37 | ERROR    | parser.scraper:scrape_listing_details:473 - Error scraping details for https://999.md/ro/104469923?location=subcategory&index=6&cardCategoryId=38&cardSubcategoryId=40: net::ERR_ABORTED at https://999.md/ro/104469923?location=subcategory&index=6&cardCategoryId=38&cardSubcategoryId=40
2026-05-27 18:00:37 | ERROR    | parser.scraper:scrape_listing_details:473 - Error scraping details for https://999.md/ro/104463715?location=subcategory&index=5&cardCategoryId=38&cardSubcategoryId=40: net::ERR_ABORTED at https://999.md/ro/104463715?location=subcategory&index=5&cardCategoryId=38&cardSubcategoryId=40
2026-05-27 18:00:38 | ERROR    | parser.scraper:scrape_listing_details:473 - Error scraping details for https://999.md/ro/104469835?location=subcategory&index=9&cardCategoryId=38&cardSubcategoryId=40: net::ERR_ABORTED at https://999.md/ro/104469835?location=subcategory&index=9&cardCategoryId=38&cardSubcategoryId=40
2026-05-27 18:00:38 | ERROR    | parser.scraper:scrape_listing_details:473 - Error scraping details for https://999.md/ro/104469836?location=subcategory&index=8&cardCategoryId=38&cardSubcategoryId=40: net::ERR_ABORTED at https://999.md/ro/104469836?location=subcategory&index=8&cardCategoryId=38&cardSubcategoryId=40
2026-05-27 18:00:42 | ERROR    | parser.scraper:scrape_listing_details:473 - Error scraping details for https://999.md/ro/104457664?location=subcategory&index=7&cardCategoryId=38&cardSubcategoryId=40: 'NoneType' object has no attribute 'status'
2026-05-27 18:00:43 | ERROR    | parser.scraper:scrape_listing_details:473 - Error scraping details for https://999.md/ro/104469789?location=subcategory&index=14&cardCategoryId=38&cardSubcategoryId=40: net::ERR_ABORTED at https://999.md/ro/104469789?location=subcategory&index=14&cardCategoryId=38&cardSubcategoryId=40
2026-05-27 18:00:48 | INFO     | parser.processor:process_listings:58 - Processed 193 listings: 193 new, 0 updated, 0 errors
2026-05-27 18:00:48 | INFO     | scheduler:run_parser:115 - Parser completed: 193 new, 0 updated, 0 marked deleted, 0 errors
2026-05-27 18:00:48 | INFO     | parser.scraper:close:119 - Browser closed
2026-05-27 18:04:54 | INFO     | scheduler:run_parser:53 - Starting parser job...
2026-05-27 18:04:54 | INFO     | scheduler:run_parser:64 - Incremental mode: scraping first 2 pages (sorted by newest)
2026-05-27 18:04:55 | INFO     | parser.scraper:init_browser:106 - Browser initialized with stealth settings
2026-05-27 18:04:55 | INFO     | parser.scraper:scrape_listings:187 - Scraping page 1: https://999.md/ro/list/phone-and-communication/mobile-phones?o_16_1=776&o_1078_589=6309&o_1084_593=6371,6370&o_2200_795=18895
2026-05-27 18:05:06 | WARNING  | parser.scraper:fetch_page:144 - Listings selector not found in time for https://999.md/ro/list/phone-and-communication/mobile-phones?o_16_1=776&o_1078_589=6309&o_1084_593=6371,6370&o_2200_795=18895: Timeout 6000ms exceeded.
2026-05-27 18:05:11 | INFO     | parser.scraper:_parse_listings_fallback:294 - Fallback parser extracted 100 listings
2026-05-27 18:05:11 | INFO     | parser.scraper:scrape_listings:197 - Found 100 listings on page 1
2026-05-27 18:05:11 | INFO     | parser.scraper:scrape_listings:187 - Scraping page 2: https://999.md/ro/list/phone-and-communication/mobile-phones?o_16_1=776&o_1078_589=6309&o_1084_593=6371,6370&o_2200_795=18895&page=2
2026-05-27 18:05:21 | WARNING  | parser.scraper:fetch_page:144 - Listings selector not found in time for https://999.md/ro/list/phone-and-communication/mobile-phones?o_16_1=776&o_1078_589=6309&o_1084_593=6371,6370&o_2200_795=18895&page=2: Timeout 6000ms exceeded.
2026-05-27 18:05:23 | INFO     | __main__:main:122 - Starting iPhone Reseller Intelligence Platform in 'bot' mode
2026-05-27 18:05:24 | INFO     | bot.telegram_bot:start:706 - Starting Telegram bot...
2026-05-27 18:05:25 | INFO     | parser.scraper:_parse_listings_fallback:294 - Fallback parser extracted 94 listings
2026-05-27 18:05:25 | INFO     | parser.scraper:scrape_listings:197 - Found 94 listings on page 2
2026-05-27 18:05:25 | INFO     | parser.scraper:scrape_listings:203 - Total listings scraped: 194
2026-05-27 18:05:25 | ERROR    | parser.scraper:scrape_listing_details:473 - Error scraping details for https://999.md/ro/84487488?clickToken=eyJhbGciOiJIUzI1NiIsInR5cCI6IkpXVCJ9.eyJleHAiOjE3Nzk4OTc5MDEsIkMiOnsiciI6MSwiYiI6NjAsImMiOjM4LCJ6Ijo0MCwiYSI6Ijg0NDg3NDg4IiwiaSI6Ijk1LjY1LjU4LjExMiIsInMiOiJkZXNrdG9wX3JlZGVzaWduIiwicCI6ImFkc19saXN0X2hlYWRlciIsIngiOiJwcmVtaXVtIiwibCI6ImU1Y2FlODlhLWIzNWQtNDIyNi1iMmZiLTZjNWExOWQ3Y2UyYSIsImUiOiI5NS42NS41OC4xMTIiLCJ0IjoiMjAyNi0wNS0yN1QxNTowNTowMS40NTEzNjI1NTFaIn19.tuFjVYCv-IuL-yHSzf_d59TVT89HRndmyvorfC_Hrvc&placement=ADS_LIST_HEADER_REDESIGN&adType=booster&location=subcategory&index=9&cardCategoryId=38&cardSubcategoryId=40: net::ERR_ABORTED at https://999.md/ro/84487488?clickToken=eyJhbGciOiJIUzI1NiIsInR5cCI6IkpXVCJ9.eyJleHAiOjE3Nzk4OTc5MDEsIkMiOnsiciI6MSwiYiI6NjAsImMiOjM4LCJ6Ijo0MCwiYSI6Ijg0NDg3NDg4IiwiaSI6Ijk1LjY1LjU4LjExMiIsInMiOiJkZXNrdG9wX3JlZGVzaWduIiwicCI6ImFkc19saXN0X2hlYWRlciIsIngiOiJwcmVtaXVtIiwibCI6ImU1Y2FlODlhLWIzNWQtNDIyNi1iMmZiLTZjNWExOWQ3Y2UyYSIsImUiOiI5NS42NS41OC4xMTIiLCJ0IjoiMjAyNi0wNS0yN1QxNTowNTowMS40NTEzNjI1NTFaIn19.tuFjVYCv-IuL-yHSzf_d59TVT89HRndmyvorfC_Hrvc&placement=ADS_LIST_HEADER_REDESIGN&adType=booster&location=subcategory&index=9&cardCategoryId=38&cardSubcategoryId=40
2026-05-27 18:05:25 | ERROR    | parser.scraper:scrape_listing_details:473 - Error scraping details for https://999.md/ro/76554706?clickToken=eyJhbGciOiJIUzI1NiIsInR5cCI6IkpXVCJ9.eyJleHAiOjE3Nzk4OTc5MDEsIkMiOnsiciI6MSwiYiI6NjAsImMiOjM4LCJ6Ijo0MCwiYSI6Ijc2NTU0NzA2IiwiaSI6Ijk1LjY1LjU4LjExMiIsInMiOiJkZXNrdG9wX3JlZGVzaWduIiwicCI6ImFkc19saXN0X2hlYWRlciIsIngiOiJwcmVtaXVtIiwibCI6ImU1Y2FlODlhLWIzNWQtNDIyNi1iMmZiLTZjNWExOWQ3Y2UyYSIsImUiOiI5NS42NS41OC4xMTIiLCJ0IjoiMjAyNi0wNS0yN1QxNTowNTowMS40NTA4NTg2NDVaIn19.5Yy1vKkXHKyQ2qqnnDaDIwRGvleN7x-JnXUJbF9mhHo&placement=ADS_LIST_HEADER_REDESIGN&adType=booster&location=subcategory&index=2&cardCategoryId=38&cardSubcategoryId=40: net::ERR_ABORTED at https://999.md/ro/76554706?clickToken=eyJhbGciOiJIUzI1NiIsInR5cCI6IkpXVCJ9.eyJleHAiOjE3Nzk4OTc5MDEsIkMiOnsiciI6MSwiYiI6NjAsImMiOjM4LCJ6Ijo0MCwiYSI6Ijc2NTU0NzA2IiwiaSI6Ijk1LjY1LjU4LjExMiIsInMiOiJkZXNrdG9wX3JlZGVzaWduIiwicCI6ImFkc19saXN0X2hlYWRlciIsIngiOiJwcmVtaXVtIiwibCI6ImU1Y2FlODlhLWIzNWQtNDIyNi1iMmZiLTZjNWExOWQ3Y2UyYSIsImUiOiI5NS42NS41OC4xMTIiLCJ0IjoiMjAyNi0wNS0yN1QxNTowNTowMS40NTA4NTg2NDVaIn19.5Yy1vKkXHKyQ2qqnnDaDIwRGvleN7x-JnXUJbF9mhHo&placement=ADS_LIST_HEADER_REDESIGN&adType=booster&location=subcategory&index=2&cardCategoryId=38&cardSubcategoryId=40
2026-05-27 18:05:25 | ERROR    | parser.scraper:scrape_listing_details:473 - Error scraping details for https://999.md/ro/81025178?clickToken=eyJhbGciOiJIUzI1NiIsInR5cCI6IkpXVCJ9.eyJleHAiOjE3Nzk4OTc5MDEsIkMiOnsiciI6MSwiYiI6NjAsImMiOjM4LCJ6Ijo0MCwiYSI6IjgxMDI1MTc4IiwiaSI6Ijk1LjY1LjU4LjExMiIsInMiOiJkZXNrdG9wX3JlZGVzaWduIiwicCI6ImFkc19saXN0X2hlYWRlciIsIngiOiJwcmVtaXVtIiwibCI6ImU1Y2FlODlhLWIzNWQtNDIyNi1iMmZiLTZjNWExOWQ3Y2UyYSIsImUiOiI5NS42NS41OC4xMTIiLCJ0IjoiMjAyNi0wNS0yN1QxNTowNTowMS40NTA4MDA3MzFaIn19.ArAA8Rn3pfWh-mu-QTJmFdOdkrxpZqSZnIRmMiPwL8w&placement=ADS_LIST_HEADER_REDESIGN&adType=booster&location=subcategory&index=1&cardCategoryId=38&cardSubcategoryId=40: net::ERR_ABORTED at https://999.md/ro/81025178?clickToken=eyJhbGciOiJIUzI1NiIsInR5cCI6IkpXVCJ9.eyJleHAiOjE3Nzk4OTc5MDEsIkMiOnsiciI6MSwiYiI6NjAsImMiOjM4LCJ6Ijo0MCwiYSI6IjgxMDI1MTc4IiwiaSI6Ijk1LjY1LjU4LjExMiIsInMiOiJkZXNrdG9wX3JlZGVzaWduIiwicCI6ImFkc19saXN0X2hlYWRlciIsIngiOiJwcmVtaXVtIiwibCI6ImU1Y2FlODlhLWIzNWQtNDIyNi1iMmZiLTZjNWExOWQ3Y2UyYSIsImUiOiI5NS42NS41OC4xMTIiLCJ0IjoiMjAyNi0wNS0yN1QxNTowNTowMS40NTA4MDA3MzFaIn19.ArAA8Rn3pfWh-mu-QTJmFdOdkrxpZqSZnIRmMiPwL8w&placement=ADS_LIST_HEADER_REDESIGN&adType=booster&location=subcategory&index=1&cardCategoryId=38&cardSubcategoryId=40
2026-05-27 18:05:25 | ERROR    | parser.scraper:scrape_listing_details:473 - Error scraping details for https://999.md/ro/88610177?clickToken=eyJhbGciOiJIUzI1NiIsInR5cCI6IkpXVCJ9.eyJleHAiOjE3Nzk4OTc5MDEsIkMiOnsiciI6MSwiYiI6NjAsImMiOjM4LCJ6Ijo0MCwiYSI6Ijg4NjEwMTc3IiwiaSI6Ijk1LjY1LjU4LjExMiIsInMiOiJkZXNrdG9wX3JlZGVzaWduIiwicCI6ImFkc19saXN0X2hlYWRlciIsIngiOiJwcmVtaXVtIiwibCI6ImU1Y2FlODlhLWIzNWQtNDIyNi1iMmZiLTZjNWExOWQ3Y2UyYSIsImUiOiI5NS42NS41OC4xMTIiLCJ0IjoiMjAyNi0wNS0yN1QxNTowNTowMS40NTE1MjE0NDZaIn19.c1N_glnhevsP84DSfi2eRMPk31weNNF8rV63yIM2Wh0&placement=ADS_LIST_HEADER_REDESIGN&adType=booster&location=subcategory&index=12&cardCategoryId=38&cardSubcategoryId=40: net::ERR_ABORTED at https://999.md/ro/88610177?clickToken=eyJhbGciOiJIUzI1NiIsInR5cCI6IkpXVCJ9.eyJleHAiOjE3Nzk4OTc5MDEsIkMiOnsiciI6MSwiYiI6NjAsImMiOjM4LCJ6Ijo0MCwiYSI6Ijg4NjEwMTc3IiwiaSI6Ijk1LjY1LjU4LjExMiIsInMiOiJkZXNrdG9wX3JlZGVzaWduIiwicCI6ImFkc19saXN0X2hlYWRlciIsIngiOiJwcmVtaXVtIiwibCI6ImU1Y2FlODlhLWIzNWQtNDIyNi1iMmZiLTZjNWExOWQ3Y2UyYSIsImUiOiI5NS42NS41OC4xMTIiLCJ0IjoiMjAyNi0wNS0yN1QxNTowNTowMS40NTE1MjE0NDZaIn19.c1N_glnhevsP84DSfi2eRMPk31weNNF8rV63yIM2Wh0&placement=ADS_LIST_HEADER_REDESIGN&adType=booster&location=subcategory&index=12&cardCategoryId=38&cardSubcategoryId=40
2026-05-27 18:05:25 | ERROR    | parser.scraper:scrape_listing_details:473 - Error scraping details for https://999.md/ro/103239439?clickToken=eyJhbGciOiJIUzI1NiIsInR5cCI6IkpXVCJ9.eyJleHAiOjE3Nzk4OTc5MDEsIkMiOnsiciI6MSwiYiI6NjAsImMiOjM4LCJ6Ijo0MCwiYSI6IjEwMzIzOTQzOSIsImkiOiI5NS42NS41OC4xMTIiLCJzIjoiZGVza3RvcF9yZWRlc2lnbiIsInAiOiJhZHNfbGlzdF9oZWFkZXIiLCJ4IjoicHJlbWl1bSIsImwiOiJkMGMxMWMwOC01MzQ2LTRmOGYtYjE5Ni0wNTNkYmJmMjU5MTciLCJlIjoiOTUuNjUuNTguMTEyIiwidCI6IjIwMjYtMDUtMjdUMTU6MDU6MDEuNDUxMjAwMjkyWiJ9fQ.i-Uz-9FTlXZzBD3eqvxyC_hD0CaF6v5_NL8WWdEdWgM&placement=ADS_LIST_HEADER_REDESIGN&adType=booster&location=subcategory&index=7&cardCategoryId=38&cardSubcategoryId=40: net::ERR_ABORTED at https://999.md/ro/103239439?clickToken=eyJhbGciOiJIUzI1NiIsInR5cCI6IkpXVCJ9.eyJleHAiOjE3Nzk4OTc5MDEsIkMiOnsiciI6MSwiYiI6NjAsImMiOjM4LCJ6Ijo0MCwiYSI6IjEwMzIzOTQzOSIsImkiOiI5NS42NS41OC4xMTIiLCJzIjoiZGVza3RvcF9yZWRlc2lnbiIsInAiOiJhZHNfbGlzdF9oZWFkZXIiLCJ4IjoicHJlbWl1bSIsImwiOiJkMGMxMWMwOC01MzQ2LTRmOGYtYjE5Ni0wNTNkYmJmMjU5MTciLCJlIjoiOTUuNjUuNTguMTEyIiwidCI6IjIwMjYtMDUtMjdUMTU6MDU6MDEuNDUxMjAwMjkyWiJ9fQ.i-Uz-9FTlXZzBD3eqvxyC_hD0CaF6v5_NL8WWdEdWgM&placement=ADS_LIST_HEADER_REDESIGN&adType=booster&location=subcategory&index=7&cardCategoryId=38&cardSubcategoryId=40
2026-05-27 18:05:26 | ERROR    | parser.scraper:scrape_listing_details:473 - Error scraping details for https://999.md/ro/88621314?clickToken=eyJhbGciOiJIUzI1NiIsInR5cCI6IkpXVCJ9.eyJleHAiOjE3Nzk4OTc5MDEsIkMiOnsiciI6MSwiYiI6NjAsImMiOjM4LCJ6Ijo0MCwiYSI6Ijg4NjIxMzE0IiwiaSI6Ijk1LjY1LjU4LjExMiIsInMiOiJkZXNrdG9wX3JlZGVzaWduIiwicCI6ImFkc19saXN0X2hlYWRlciIsIngiOiJwcmVtaXVtIiwibCI6ImU1Y2FlODlhLWIzNWQtNDIyNi1iMmZiLTZjNWExOWQ3Y2UyYSIsImUiOiI5NS42NS41OC4xMTIiLCJ0IjoiMjAyNi0wNS0yN1QxNTowNTowMS40NTE0NTcwOTRaIn19.bdu6Bj7bY1odqCt8GIYsuEG5agLpyKq2_VnWtNpSbZQ&placement=ADS_LIST_HEADER_REDESIGN&adType=booster&location=subcategory&index=11&cardCategoryId=38&cardSubcategoryId=40: net::ERR_ABORTED at https://999.md/ro/88621314?clickToken=eyJhbGciOiJIUzI1NiIsInR5cCI6IkpXVCJ9.eyJleHAiOjE3Nzk4OTc5MDEsIkMiOnsiciI6MSwiYiI6NjAsImMiOjM4LCJ6Ijo0MCwiYSI6Ijg4NjIxMzE0IiwiaSI6Ijk1LjY1LjU4LjExMiIsInMiOiJkZXNrdG9wX3JlZGVzaWduIiwicCI6ImFkc19saXN0X2hlYWRlciIsIngiOiJwcmVtaXVtIiwibCI6ImU1Y2FlODlhLWIzNWQtNDIyNi1iMmZiLTZjNWExOWQ3Y2UyYSIsImUiOiI5NS42NS41OC4xMTIiLCJ0IjoiMjAyNi0wNS0yN1QxNTowNTowMS40NTE0NTcwOTRaIn19.bdu6Bj7bY1odqCt8GIYsuEG5agLpyKq2_VnWtNpSbZQ&placement=ADS_LIST_HEADER_REDESIGN&adType=booster&location=subcategory&index=11&cardCategoryId=38&cardSubcategoryId=40
2026-05-27 18:05:26 | ERROR    | parser.scraper:scrape_listing_details:473 - Error scraping details for https://999.md/ro/88608762?clickToken=eyJhbGciOiJIUzI1NiIsInR5cCI6IkpXVCJ9.eyJleHAiOjE3Nzk4OTc5MDEsIkMiOnsiciI6MSwiYiI6NjAsImMiOjM4LCJ6Ijo0MCwiYSI6Ijg4NjA4NzYyIiwiaSI6Ijk1LjY1LjU4LjExMiIsInMiOiJkZXNrdG9wX3JlZGVzaWduIiwicCI6ImFkc19saXN0X2hlYWRlciIsIngiOiJwcmVtaXVtIiwibCI6ImU1Y2FlODlhLWIzNWQtNDIyNi1iMmZiLTZjNWExOWQ3Y2UyYSIsImUiOiI5NS42NS41OC4xMTIiLCJ0IjoiMjAyNi0wNS0yN1QxNTowNTowMS40NTEwOTg3NloifX0.QFz6yNOK3W1AYgB9NHU779Vc7E4rxTzILqchE8pXQQQ&placement=ADS_LIST_HEADER_REDESIGN&adType=booster&location=subcategory&index=6&cardCategoryId=38&cardSubcategoryId=40: net::ERR_ABORTED at https://999.md/ro/88608762?clickToken=eyJhbGciOiJIUzI1NiIsInR5cCI6IkpXVCJ9.eyJleHAiOjE3Nzk4OTc5MDEsIkMiOnsiciI6MSwiYiI6NjAsImMiOjM4LCJ6Ijo0MCwiYSI6Ijg4NjA4NzYyIiwiaSI6Ijk1LjY1LjU4LjExMiIsInMiOiJkZXNrdG9wX3JlZGVzaWduIiwicCI6ImFkc19saXN0X2hlYWRlciIsIngiOiJwcmVtaXVtIiwibCI6ImU1Y2FlODlhLWIzNWQtNDIyNi1iMmZiLTZjNWExOWQ3Y2UyYSIsImUiOiI5NS42NS41OC4xMTIiLCJ0IjoiMjAyNi0wNS0yN1QxNTowNTowMS40NTEwOTg3NloifX0.QFz6yNOK3W1AYgB9NHU779Vc7E4rxTzILqchE8pXQQQ&placement=ADS_LIST_HEADER_REDESIGN&adType=booster&location=subcategory&index=6&cardCategoryId=38&cardSubcategoryId=40
2026-05-27 18:05:26 | ERROR    | parser.scraper:scrape_listing_details:473 - Error scraping details for https://999.md/ro/104470025?location=subcategory&index=2&cardCategoryId=38&cardSubcategoryId=40: net::ERR_ABORTED at https://999.md/ro/104470025?location=subcategory&index=2&cardCategoryId=38&cardSubcategoryId=40
2026-05-27 18:05:26 | ERROR    | parser.scraper:scrape_listing_details:473 - Error scraping details for https://999.md/ro/104102803?location=subcategory&index=3&cardCategoryId=38&cardSubcategoryId=40: net::ERR_ABORTED at https://999.md/ro/104102803?location=subcategory&index=3&cardCategoryId=38&cardSubcategoryId=40
2026-05-27 18:05:26 | ERROR    | parser.scraper:scrape_listing_details:473 - Error scraping details for https://999.md/ro/102739299?clickToken=eyJhbGciOiJIUzI1NiIsInR5cCI6IkpXVCJ9.eyJleHAiOjE3Nzk4OTc5MDEsIkMiOnsiciI6MSwiYiI6NjAsImMiOjM4LCJ6Ijo0MCwiYSI6IjEwMjczOTI5OSIsImkiOiI5NS42NS41OC4xMTIiLCJzIjoiZGVza3RvcF9yZWRlc2lnbiIsInAiOiJhZHNfbGlzdF9oZWFkZXIiLCJ4IjoicHJlbWl1bSIsImwiOiJlNWNhZTg5YS1iMzVkLTQyMjYtYjJmYi02YzVhMTlkN2NlMmEiLCJlIjoiOTUuNjUuNTguMTEyIiwidCI6IjIwMjYtMDUtMjdUMTU6MDU6MDEuNDUxMjM4OTI3WiJ9fQ.izLs8hVXwQAD2G-ytfM4wJq8QNosX3x-mAOM6gZ1Ivg&placement=ADS_LIST_HEADER_REDESIGN&adType=booster&location=subcategory&index=8&cardCategoryId=38&cardSubcategoryId=40: net::ERR_ABORTED at https://999.md/ro/102739299?clickToken=eyJhbGciOiJIUzI1NiIsInR5cCI6IkpXVCJ9.eyJleHAiOjE3Nzk4OTc5MDEsIkMiOnsiciI6MSwiYiI6NjAsImMiOjM4LCJ6Ijo0MCwiYSI6IjEwMjczOTI5OSIsImkiOiI5NS42NS41OC4xMTIiLCJzIjoiZGVza3RvcF9yZWRlc2lnbiIsInAiOiJhZHNfbGlzdF9oZWFkZXIiLCJ4IjoicHJlbWl1bSIsImwiOiJlNWNhZTg5YS1iMzVkLTQyMjYtYjJmYi02YzVhMTlkN2NlMmEiLCJlIjoiOTUuNjUuNTguMTEyIiwidCI6IjIwMjYtMDUtMjdUMTU6MDU6MDEuNDUxMjM4OTI3WiJ9fQ.izLs8hVXwQAD2G-ytfM4wJq8QNosX3x-mAOM6gZ1Ivg&placement=ADS_LIST_HEADER_REDESIGN&adType=booster&location=subcategory&index=8&cardCategoryId=38&cardSubcategoryId=40
2026-05-27 18:05:26 | ERROR    | parser.scraper:scrape_listing_details:473 - Error scraping details for https://999.md/ro/104412315?location=subcategory&index=1&cardCategoryId=38&cardSubcategoryId=40: net::ERR_ABORTED at https://999.md/ro/104412315?location=subcategory&index=1&cardCategoryId=38&cardSubcategoryId=40
2026-05-27 18:05:26 | ERROR    | parser.scraper:scrape_listing_details:473 - Error scraping details for https://999.md/ro/104444727?clickToken=eyJhbGciOiJIUzI1NiIsInR5cCI6IkpXVCJ9.eyJleHAiOjE3Nzk4OTc5MDEsIkMiOnsiciI6MSwiYiI6NjAsImMiOjM4LCJ6Ijo0MCwiYSI6IjEwNDQ0NDcyNyIsImkiOiI5NS42NS41OC4xMTIiLCJzIjoiZGVza3RvcF9yZWRlc2lnbiIsInAiOiJhZHNfbGlzdF9oZWFkZXIiLCJ4IjoiIiwibCI6Ijg5NTk2MDQ5LTI0NzEtNDdkNi1hNWYxLTlhYTJhOGZlZDIwZCIsImUiOiI5NS42NS41OC4xMTIiLCJ0IjoiMjAyNi0wNS0yN1QxNTowNTowMS40NTA4OTQ0MzNaIn19.B1xdkbjVxO_SNuZ-I9Tl9fDLWn1W73KF14Jg44e2OIE&placement=ADS_LIST_HEADER_REDESIGN&adType=booster&location=subcategory&index=3&cardCategoryId=38&cardSubcategoryId=40: net::ERR_ABORTED at https://999.md/ro/104444727?clickToken=eyJhbGciOiJIUzI1NiIsInR5cCI6IkpXVCJ9.eyJleHAiOjE3Nzk4OTc5MDEsIkMiOnsiciI6MSwiYiI6NjAsImMiOjM4LCJ6Ijo0MCwiYSI6IjEwNDQ0NDcyNyIsImkiOiI5NS42NS41OC4xMTIiLCJzIjoiZGVza3RvcF9yZWRlc2lnbiIsInAiOiJhZHNfbGlzdF9oZWFkZXIiLCJ4IjoiIiwibCI6Ijg5NTk2MDQ5LTI0NzEtNDdkNi1hNWYxLTlhYTJhOGZlZDIwZCIsImUiOiI5NS42NS41OC4xMTIiLCJ0IjoiMjAyNi0wNS0yN1QxNTowNTowMS40NTA4OTQ0MzNaIn19.B1xdkbjVxO_SNuZ-I9Tl9fDLWn1W73KF14Jg44e2OIE&placement=ADS_LIST_HEADER_REDESIGN&adType=booster&location=subcategory&index=3&cardCategoryId=38&cardSubcategoryId=40
2026-05-27 18:05:26 | ERROR    | parser.scraper:scrape_listing_details:473 - Error scraping details for https://999.md/ro/104469923?location=subcategory&index=6&cardCategoryId=38&cardSubcategoryId=40: net::ERR_ABORTED at https://999.md/ro/104469923?location=subcategory&index=6&cardCategoryId=38&cardSubcategoryId=40
2026-05-27 18:05:26 | ERROR    | parser.scraper:scrape_listing_details:473 - Error scraping details for https://999.md/ro/103601287?location=subcategory&index=4&cardCategoryId=38&cardSubcategoryId=40: net::ERR_ABORTED at https://999.md/ro/103601287?location=subcategory&index=4&cardCategoryId=38&cardSubcategoryId=40
2026-05-27 18:05:26 | ERROR    | parser.scraper:scrape_listing_details:473 - Error scraping details for https://999.md/ro/104457664?location=subcategory&index=7&cardCategoryId=38&cardSubcategoryId=40: net::ERR_ABORTED at https://999.md/ro/104457664?location=subcategory&index=7&cardCategoryId=38&cardSubcategoryId=40
2026-05-27 18:05:32 | ERROR    | parser.scraper:scrape_listing_details:473 - Error scraping details for https://999.md/ro/104469836?location=subcategory&index=8&cardCategoryId=38&cardSubcategoryId=40: 'NoneType' object has no attribute 'status'
2026-05-27 18:05:32 | ERROR    | parser.scraper:scrape_listing_details:473 - Error scraping details for https://999.md/ro/104329852?location=subcategory&index=12&cardCategoryId=38&cardSubcategoryId=40: 'NoneType' object has no attribute 'status'
2026-05-27 18:05:32 | INFO     | parser.processor:process_listings:58 - Processed 194 listings: 38 new, 156 updated, 0 errors
2026-05-27 18:05:32 | INFO     | scheduler:run_parser:115 - Parser completed: 38 new, 156 updated, 0 marked deleted, 0 errors
2026-05-27 18:05:32 | INFO     | parser.scraper:close:119 - Browser closed
2026-05-27 18:08:53 | INFO     | __main__:main:122 - Starting iPhone Reseller Intelligence Platform in 'bot' mode
2026-05-27 18:08:53 | INFO     | bot.telegram_bot:start:706 - Starting Telegram bot...
